plain_english_result,chain,chain_id,chunk,contract,chain_mint_number,chunk_mint_number,airdrop_type,asset_category,asset_category_id,asset_product_name,asset_upc,v4_asset_token_id,v6_asset_token_id,recipient_address,asset_source_owner_from_raw,worn_by_banny_v4_token_id,worn_by_banny_v6_token_id,worn_by_banny_product_name,outfitted_banny_recipient_address,notes
"0xaECD6D9172d602b93dBA3981991268b44af8096e receives an Alien Banny on Work Station background wearing Pew Pew, Dorthy Shoes, Doc Coat, and Gas Can.",Ethereum,1,1,AirdropV4BannysEthereum1,1,1,outfitted_banny_body,Banny body,0,Alien,1,1000000001,1000000001,0xaECD6D9172d602b93dBA3981991268b44af8096e,0xaECD6D9172d602b93dBA3981991268b44af8096e,1000000001,1000000001,Alien,0xaECD6D9172d602b93dBA3981991268b44af8096e,Body transferred after dressing.
0xA2Fa6144168751D116336B58C5288feaF8bb12C1 receives a Pink Banny with no outfit.,Ethereum,1,1,AirdropV4BannysEthereum1,2,2,banny_body,Banny body,0,Pink,2,2000000001,2000000001,0xA2Fa6144168751D116336B58C5288feaF8bb12C1,0xA2Fa6144168751D116336B58C5288feaF8bb12C1,2000000001,2000000001,Pink,0xA2Fa6144168751D116336B58C5288feaF8bb12C1,Body transferred naked.
"0x63A2368F4B509438ca90186cb1C15156713D5834 receives a Pink Banny wearing Pew Pew, Investor Shades, Flops, Doc Coat, and Farmer Hat.",Ethereum,1,1,AirdropV4BannysEthereum1,3,3,outfitted_banny_body,Banny body,0,Pink,2,2000000002,2000000002,0x63A2368F4B509438ca90186cb1C15156713D5834,0x63A2368F4B509438ca90186cb1C15156713D5834,2000000002,2000000002,Pink,0x63A2368F4B509438ca90186cb1C15156713D5834,Body transferred after dressing.
0x15b61e9b0637f45dc0858f083cd240267924125d receives a Pink Banny with no outfit.,Ethereum,1,1,AirdropV4BannysEthereum1,4,4,banny_body,Banny body,0,Pink,2,2000000003,2000000003,0x15b61e9b0637f45dc0858f083cd240267924125d,0x15b61e9b0637f45dc0858f083cd240267924125d,2000000003,2000000003,Pink,0x15b61e9b0637f45dc0858f083cd240267924125d,Body transferred naked.
0xaECD6D9172d602b93dBA3981991268b44af8096e receives a Pink Banny wearing Astronaut Boots.,Ethereum,1,1,AirdropV4BannysEthereum1,5,5,outfitted_banny_body,Banny body,0,Pink,2,2000000004,2000000004,0xaECD6D9172d602b93dBA3981991268b44af8096e,0xaECD6D9172d602b93dBA3981991268b44af8096e,2000000004,2000000004,Pink,0xaECD6D9172d602b93dBA3981991268b44af8096e,Body transferred after dressing.
0x45C3d8Aacc0d537dAc234AD4C20Ef05d6041CeFe receives a Pink Banny on Work Station background wearing Sweatsuit.,Ethereum,1,1,AirdropV4BannysEthereum1,6,6,outfitted_banny_body,Banny body,0,Pink,2,2000000005,2000000005,0x45C3d8Aacc0d537dAc234AD4C20Ef05d6041CeFe,0x45C3d8Aacc0d537dAc234AD4C20Ef05d6041CeFe,2000000005,2000000005,Pink,0x45C3d8Aacc0d537dAc234AD4C20Ef05d6041CeFe,Body transferred after dressing.
0x5dee86b297755b3F2ce65e09BA3A700579A9020B receives a Pink Banny on Work Station background wearing Flops and Jonny Utah Shirt.,Ethereum,1,1,AirdropV4BannysEthereum1,7,7,outfitted_banny_body,Banny body,0,Pink,2,2000000006,2000000006,0x5dee86b297755b3F2ce65e09BA3A700579A9020B,0x5dee86b297755b3F2ce65e09BA3A700579A9020B,2000000006,2000000006,Pink,0x5dee86b297755b3F2ce65e09BA3A700579A9020B,Body transferred after dressing.
"0x817738DC393d682Ca5fBb268707b99F2aAe96baE receives an Orange Banny on Hay Field background wearing Investor Shades, Doc Coat, and Farmer Hat.",Ethereum,1,1,AirdropV4BannysEthereum1,8,8,outfitted_banny_body,Banny body,0,Orange,3,3000000001,3000000001,0x817738DC393d682Ca5fBb268707b99F2aAe96baE,0x817738DC393d682Ca5fBb268707b99F2aAe96baE,3000000001,3000000001,Orange,0x817738DC393d682Ca5fBb268707b99F2aAe96baE,Body transferred after dressing.
0xa13d49fCbf79EAF6A0a58cBDD3361422DB4eAfF1 receives an Orange Banny with no outfit.,Ethereum,1,1,AirdropV4BannysEthereum1,9,9,banny_body,Banny body,0,Orange,3,3000000002,3000000002,0xa13d49fCbf79EAF6A0a58cBDD3361422DB4eAfF1,0xa13d49fCbf79EAF6A0a58cBDD3361422DB4eAfF1,3000000002,3000000002,Orange,0xa13d49fCbf79EAF6A0a58cBDD3361422DB4eAfF1,Body transferred naked.
0x516cAfD745Ec780D20f61c0d71fe258eA765222D receives an Orange Banny wearing Astronaut Head and Constitution.,Ethereum,1,1,AirdropV4BannysEthereum1,10,10,outfitted_banny_body,Banny body,0,Orange,3,3000000003,3000000003,0x516cAfD745Ec780D20f61c0d71fe258eA765222D,0x516cAfD745Ec780D20f61c0d71fe258eA765222D,3000000003,3000000003,Orange,0x516cAfD745Ec780D20f61c0d71fe258eA765222D,Body transferred after dressing.
0x126eeFa566ABF5aC3EfDAeF52d79E962CFFdB448 receives an Orange Banny with no outfit.,Ethereum,1,1,AirdropV4BannysEthereum1,11,11,banny_body,Banny body,0,Orange,3,3000000004,3000000004,0x126eeFa566ABF5aC3EfDAeF52d79E962CFFdB448,0x126eeFa566ABF5aC3EfDAeF52d79E962CFFdB448,3000000004,3000000004,Orange,0x126eeFa566ABF5aC3EfDAeF52d79E962CFFdB448,Body transferred naked.
0x289715fFBB2f4b482e2917D2f183FeAb564ec84F receives an Orange Banny with no outfit.,Ethereum,1,1,AirdropV4BannysEthereum1,12,12,banny_body,Banny body,0,Orange,3,3000000005,3000000005,0x289715fFBB2f4b482e2917D2f183FeAb564ec84F,0x289715fFBB2f4b482e2917D2f183FeAb564ec84F,3000000005,3000000005,Orange,0x289715fFBB2f4b482e2917D2f183FeAb564ec84F,Body transferred naked.
0x1C51517d8277C9aD6d701Fb5394ceC0C18219eDb receives an Orange Banny wearing Ice Cube and Constitution.,Ethereum,1,1,AirdropV4BannysEthereum1,13,13,outfitted_banny_body,Banny body,0,Orange,3,3000000006,3000000006,0x1C51517d8277C9aD6d701Fb5394ceC0C18219eDb,0x1C51517d8277C9aD6d701Fb5394ceC0C18219eDb,3000000006,3000000006,Orange,0x1C51517d8277C9aD6d701Fb5394ceC0C18219eDb,Body transferred after dressing.
0x1786D033D5CbCC235B673e872c7613c2F83DA583 receives an Orange Banny on Hay Field background wearing Zucco Tshirt and Lightsaber.,Ethereum,1,1,AirdropV4BannysEthereum1,14,14,outfitted_banny_body,Banny body,0,Orange,3,3000000007,3000000007,0x1786D033D5CbCC235B673e872c7613c2F83DA583,0x1786D033D5CbCC235B673e872c7613c2F83DA583,3000000007,3000000007,Orange,0x1786D033D5CbCC235B673e872c7613c2F83DA583,Body transferred after dressing.
0x38EED3CCeED88f380E436eb21811250797c453C5 receives an Orange Banny with no outfit.,Ethereum,1,1,AirdropV4BannysEthereum1,15,15,banny_body,Banny body,0,Orange,3,3000000008,3000000008,0x38EED3CCeED88f380E436eb21811250797c453C5,0x38EED3CCeED88f380E436eb21811250797c453C5,3000000008,3000000008,Orange,0x38EED3CCeED88f380E436eb21811250797c453C5,Body transferred naked.
0xE16a238d207B9ac8B419C7A866b0De013c73357B receives an Orange Banny wearing Farmer Hat and Cheap Beer.,Ethereum,1,1,AirdropV4BannysEthereum1,16,16,outfitted_banny_body,Banny body,0,Orange,3,3000000009,3000000009,0xE16a238d207B9ac8B419C7A866b0De013c73357B,0xE16a238d207B9ac8B419C7A866b0De013c73357B,3000000009,3000000009,Orange,0xE16a238d207B9ac8B419C7A866b0De013c73357B,Body transferred after dressing.
"0x0b2c9E0ee3057f4B9b0c2e42894a3D5A9B32b5Af receives an Orange Banny on Hay Field background wearing Ice Cube, Farmer Hat, and Potion.",Ethereum,1,1,AirdropV4BannysEthereum1,17,17,outfitted_banny_body,Banny body,0,Orange,3,3000000010,3000000010,0x0b2c9E0ee3057f4B9b0c2e42894a3D5A9B32b5Af,0x0b2c9E0ee3057f4B9b0c2e42894a3D5A9B32b5Af,3000000010,3000000010,Orange,0x0b2c9E0ee3057f4B9b0c2e42894a3D5A9B32b5Af,Body transferred after dressing.
"0x0Cb1D93daEc77Df2ED7Db31C040Fd2174452bD9F receives an Orange Banny wearing Geisha Gown, Peach Hair, and Cheap Beer.",Ethereum,1,1,AirdropV4BannysEthereum1,18,18,outfitted_banny_body,Banny body,0,Orange,3,3000000011,3000000011,0x0Cb1D93daEc77Df2ED7Db31C040Fd2174452bD9F,0x0Cb1D93daEc77Df2ED7Db31C040Fd2174452bD9F,3000000011,3000000011,Orange,0x0Cb1D93daEc77Df2ED7Db31C040Fd2174452bD9F,Body transferred after dressing.
0xa9d20b435A85fAAa002f32d66F7D21564130E9cf receives an Orange Banny with no outfit.,Ethereum,1,1,AirdropV4BannysEthereum1,19,19,banny_body,Banny body,0,Orange,3,3000000012,3000000012,0xa9d20b435A85fAAa002f32d66F7D21564130E9cf,0xa9d20b435A85fAAa002f32d66F7D21564130E9cf,3000000012,3000000012,Orange,0xa9d20b435A85fAAa002f32d66F7D21564130E9cf,Body transferred naked.
"0x6a099Bb96DDF3963d5AddCAbDC0221914cF80b1F receives an Orange Banny wearing Flops, Zucco Tshirt, Headphones, and Cheap Beer.",Ethereum,1,1,AirdropV4BannysEthereum1,20,20,outfitted_banny_body,Banny body,0,Orange,3,3000000013,3000000013,0x6a099Bb96DDF3963d5AddCAbDC0221914cF80b1F,0x6a099Bb96DDF3963d5AddCAbDC0221914cF80b1F,3000000013,3000000013,Orange,0x6a099Bb96DDF3963d5AddCAbDC0221914cF80b1F,Body transferred after dressing.
"0xaECD6D9172d602b93dBA3981991268b44af8096e receives an Alien Banny on Work Station background wearing Pew Pew, Dorthy Shoes, Doc Coat, and Gas Can.",Ethereum,1,1,AirdropV4BannysEthereum1,21,21,worn_background,Background,1,Work Station,5,5000000004,5000000001,0xaECD6D9172d602b93dBA3981991268b44af8096e,0xa5F8911d4CFd60a6697479f078409434424fe666,1000000001,1000000001,Alien,0xaECD6D9172d602b93dBA3981991268b44af8096e,Background is worn by the Banny; the outfitted Banny is transferred to recipient.
0x45C3d8Aacc0d537dAc234AD4C20Ef05d6041CeFe receives a Pink Banny on Work Station background wearing Sweatsuit.,Ethereum,1,1,AirdropV4BannysEthereum1,22,22,worn_background,Background,1,Work Station,5,5000000005,5000000002,0x45C3d8Aacc0d537dAc234AD4C20Ef05d6041CeFe,0xa5F8911d4CFd60a6697479f078409434424fe666,2000000005,2000000005,Pink,0x45C3d8Aacc0d537dAc234AD4C20Ef05d6041CeFe,Background is worn by the Banny; the outfitted Banny is transferred to recipient.
0x5dee86b297755b3F2ce65e09BA3A700579A9020B receives a Pink Banny on Work Station background wearing Flops and Jonny Utah Shirt.,Ethereum,1,1,AirdropV4BannysEthereum1,23,23,worn_background,Background,1,Work Station,5,5000000008,5000000003,0x5dee86b297755b3F2ce65e09BA3A700579A9020B,0xa5F8911d4CFd60a6697479f078409434424fe666,2000000006,2000000006,Pink,0x5dee86b297755b3F2ce65e09BA3A700579A9020B,Background is worn by the Banny; the outfitted Banny is transferred to recipient.
"0x817738DC393d682Ca5fBb268707b99F2aAe96baE receives an Orange Banny on Hay Field background wearing Investor Shades, Doc Coat, and Farmer Hat.",Ethereum,1,1,AirdropV4BannysEthereum1,24,24,worn_background,Background,1,Hay Field,6,6000000001,6000000001,0x817738DC393d682Ca5fBb268707b99F2aAe96baE,0x817738DC393d682Ca5fBb268707b99F2aAe96baE,3000000001,3000000001,Orange,0x817738DC393d682Ca5fBb268707b99F2aAe96baE,Background is worn by the Banny; the outfitted Banny is transferred to recipient.
0x1786D033D5CbCC235B673e872c7613c2F83DA583 receives an Orange Banny on Hay Field background wearing Zucco Tshirt and Lightsaber.,Ethereum,1,1,AirdropV4BannysEthereum1,25,25,worn_background,Background,1,Hay Field,6,6000000003,6000000002,0x1786D033D5CbCC235B673e872c7613c2F83DA583,0xa5F8911d4CFd60a6697479f078409434424fe666,3000000007,3000000007,Orange,0x1786D033D5CbCC235B673e872c7613c2F83DA583,Background is worn by the Banny; the outfitted Banny is transferred to recipient.
"0x0b2c9E0ee3057f4B9b0c2e42894a3D5A9B32b5Af receives an Orange Banny on Hay Field background wearing Ice Cube, Farmer Hat, and Potion.",Ethereum,1,1,AirdropV4BannysEthereum1,26,26,worn_background,Background,1,Hay Field,6,6000000004,6000000003,0x0b2c9E0ee3057f4B9b0c2e42894a3D5A9B32b5Af,0xa5F8911d4CFd60a6697479f078409434424fe666,3000000010,3000000010,Orange,0x0b2c9E0ee3057f4B9b0c2e42894a3D5A9B32b5Af,Background is worn by the Banny; the outfitted Banny is transferred to recipient.
"0x63A2368F4B509438ca90186cb1C15156713D5834 receives a Pink Banny wearing Pew Pew, Investor Shades, Flops, Doc Coat, and Farmer Hat.",Ethereum,1,1,AirdropV4BannysEthereum1,27,27,worn_outfit,Backside,2,Pew Pew,7,7000000001,7000000001,0x63A2368F4B509438ca90186cb1C15156713D5834,0xa5F8911d4CFd60a6697479f078409434424fe666,2000000002,2000000002,Pink,0x63A2368F4B509438ca90186cb1C15156713D5834,Outfit is worn by the Banny; the outfitted Banny is transferred to recipient.
"0xaECD6D9172d602b93dBA3981991268b44af8096e receives an Alien Banny on Work Station background wearing Pew Pew, Dorthy Shoes, Doc Coat, and Gas Can.",Ethereum,1,1,AirdropV4BannysEthereum1,28,28,worn_outfit,Backside,2,Pew Pew,7,7000000002,7000000002,0xaECD6D9172d602b93dBA3981991268b44af8096e,0xa5F8911d4CFd60a6697479f078409434424fe666,1000000001,1000000001,Alien,0xaECD6D9172d602b93dBA3981991268b44af8096e,Outfit is worn by the Banny; the outfitted Banny is transferred to recipient.
0x516cAfD745Ec780D20f61c0d71fe258eA765222D receives an Orange Banny wearing Astronaut Head and Constitution.,Ethereum,1,1,AirdropV4BannysEthereum1,29,29,worn_outfit,Head,4,Astronaut Head,10,10000000005,10000000001,0x516cAfD745Ec780D20f61c0d71fe258eA765222D,0xa5F8911d4CFd60a6697479f078409434424fe666,3000000003,3000000003,Orange,0x516cAfD745Ec780D20f61c0d71fe258eA765222D,Outfit is worn by the Banny; the outfitted Banny is transferred to recipient.
"0x817738DC393d682Ca5fBb268707b99F2aAe96baE receives an Orange Banny on Hay Field background wearing Investor Shades, Doc Coat, and Farmer Hat.",Ethereum,1,1,AirdropV4BannysEthereum1,30,30,worn_outfit,Glasses,5,Investor Shades,14,14000000001,14000000001,0x817738DC393d682Ca5fBb268707b99F2aAe96baE,0x817738DC393d682Ca5fBb268707b99F2aAe96baE,3000000001,3000000001,Orange,0x817738DC393d682Ca5fBb268707b99F2aAe96baE,Outfit is worn by the Banny; the outfitted Banny is transferred to recipient.
"0x63A2368F4B509438ca90186cb1C15156713D5834 receives a Pink Banny wearing Pew Pew, Investor Shades, Flops, Doc Coat, and Farmer Hat.",Ethereum,1,1,AirdropV4BannysEthereum1,31,31,worn_outfit,Glasses,5,Investor Shades,14,14000000003,14000000002,0x63A2368F4B509438ca90186cb1C15156713D5834,0xa5F8911d4CFd60a6697479f078409434424fe666,2000000002,2000000002,Pink,0x63A2368F4B509438ca90186cb1C15156713D5834,Outfit is worn by the Banny; the outfitted Banny is transferred to recipient.
"0xaECD6D9172d602b93dBA3981991268b44af8096e receives an Alien Banny on Work Station background wearing Pew Pew, Dorthy Shoes, Doc Coat, and Gas Can.",Ethereum,1,1,AirdropV4BannysEthereum1,32,32,worn_outfit,Legs,7,Dorthy Shoes,17,17000000001,17000000001,0xaECD6D9172d602b93dBA3981991268b44af8096e,0xa5F8911d4CFd60a6697479f078409434424fe666,1000000001,1000000001,Alien,0xaECD6D9172d602b93dBA3981991268b44af8096e,Outfit is worn by the Banny; the outfitted Banny is transferred to recipient.
0xaECD6D9172d602b93dBA3981991268b44af8096e receives a Pink Banny wearing Astronaut Boots.,Ethereum,1,1,AirdropV4BannysEthereum1,33,33,worn_outfit,Legs,7,Astronaut Boots,18,18000000002,18000000001,0xaECD6D9172d602b93dBA3981991268b44af8096e,0xa5F8911d4CFd60a6697479f078409434424fe666,2000000004,2000000004,Pink,0xaECD6D9172d602b93dBA3981991268b44af8096e,Outfit is worn by the Banny; the outfitted Banny is transferred to recipient.
"0x6a099Bb96DDF3963d5AddCAbDC0221914cF80b1F receives an Orange Banny wearing Flops, Zucco Tshirt, Headphones, and Cheap Beer.",Ethereum,1,1,AirdropV4BannysEthereum1,34,34,worn_outfit,Legs,7,Flops,19,19000000008,19000000001,0x6a099Bb96DDF3963d5AddCAbDC0221914cF80b1F,0xa5F8911d4CFd60a6697479f078409434424fe666,3000000013,3000000013,Orange,0x6a099Bb96DDF3963d5AddCAbDC0221914cF80b1F,Outfit is worn by the Banny; the outfitted Banny is transferred to recipient.
"0x63A2368F4B509438ca90186cb1C15156713D5834 receives a Pink Banny wearing Pew Pew, Investor Shades, Flops, Doc Coat, and Farmer Hat.",Ethereum,1,1,AirdropV4BannysEthereum1,35,35,worn_outfit,Legs,7,Flops,19,19000000012,19000000002,0x63A2368F4B509438ca90186cb1C15156713D5834,0xa5F8911d4CFd60a6697479f078409434424fe666,2000000002,2000000002,Pink,0x63A2368F4B509438ca90186cb1C15156713D5834,Outfit is worn by the Banny; the outfitted Banny is transferred to recipient.
0x5dee86b297755b3F2ce65e09BA3A700579A9020B receives a Pink Banny on Work Station background wearing Flops and Jonny Utah Shirt.,Ethereum,1,1,AirdropV4BannysEthereum1,36,36,worn_outfit,Legs,7,Flops,19,19000000019,19000000003,0x5dee86b297755b3F2ce65e09BA3A700579A9020B,0xa5F8911d4CFd60a6697479f078409434424fe666,2000000006,2000000006,Pink,0x5dee86b297755b3F2ce65e09BA3A700579A9020B,Outfit is worn by the Banny; the outfitted Banny is transferred to recipient.
0x45C3d8Aacc0d537dAc234AD4C20Ef05d6041CeFe receives a Pink Banny on Work Station background wearing Sweatsuit.,Ethereum,1,1,AirdropV4BannysEthereum1,37,37,worn_outfit,Suit,8,Sweatsuit,21,21000000001,21000000001,0x45C3d8Aacc0d537dAc234AD4C20Ef05d6041CeFe,0xa5F8911d4CFd60a6697479f078409434424fe666,2000000005,2000000005,Pink,0x45C3d8Aacc0d537dAc234AD4C20Ef05d6041CeFe,Outfit is worn by the Banny; the outfitted Banny is transferred to recipient.
"0x0Cb1D93daEc77Df2ED7Db31C040Fd2174452bD9F receives an Orange Banny wearing Geisha Gown, Peach Hair, and Cheap Beer.",Ethereum,1,1,AirdropV4BannysEthereum1,38,38,worn_outfit,Suit,8,Geisha Gown,23,23000000001,23000000001,0x0Cb1D93daEc77Df2ED7Db31C040Fd2174452bD9F,0xa5F8911d4CFd60a6697479f078409434424fe666,3000000011,3000000011,Orange,0x0Cb1D93daEc77Df2ED7Db31C040Fd2174452bD9F,Outfit is worn by the Banny; the outfitted Banny is transferred to recipient.
0x5dee86b297755b3F2ce65e09BA3A700579A9020B receives a Pink Banny on Work Station background wearing Flops and Jonny Utah Shirt.,Ethereum,1,1,AirdropV4BannysEthereum1,39,39,worn_outfit,Suit top,10,Jonny Utah Shirt,25,25000000009,25000000001,0x5dee86b297755b3F2ce65e09BA3A700579A9020B,0xa5F8911d4CFd60a6697479f078409434424fe666,2000000006,2000000006,Pink,0x5dee86b297755b3F2ce65e09BA3A700579A9020B,Outfit is worn by the Banny; the outfitted Banny is transferred to recipient.
"0x817738DC393d682Ca5fBb268707b99F2aAe96baE receives an Orange Banny on Hay Field background wearing Investor Shades, Doc Coat, and Farmer Hat.",Ethereum,1,1,AirdropV4BannysEthereum1,40,40,worn_outfit,Suit top,10,Doc Coat,26,26000000001,26000000001,0x817738DC393d682Ca5fBb268707b99F2aAe96baE,0x817738DC393d682Ca5fBb268707b99F2aAe96baE,3000000001,3000000001,Orange,0x817738DC393d682Ca5fBb268707b99F2aAe96baE,Outfit is worn by the Banny; the outfitted Banny is transferred to recipient.
"0x63A2368F4B509438ca90186cb1C15156713D5834 receives a Pink Banny wearing Pew Pew, Investor Shades, Flops, Doc Coat, and Farmer Hat.",Ethereum,1,1,AirdropV4BannysEthereum1,41,41,worn_outfit,Suit top,10,Doc Coat,26,26000000003,26000000002,0x63A2368F4B509438ca90186cb1C15156713D5834,0xa5F8911d4CFd60a6697479f078409434424fe666,2000000002,2000000002,Pink,0x63A2368F4B509438ca90186cb1C15156713D5834,Outfit is worn by the Banny; the outfitted Banny is transferred to recipient.
"0xaECD6D9172d602b93dBA3981991268b44af8096e receives an Alien Banny on Work Station background wearing Pew Pew, Dorthy Shoes, Doc Coat, and Gas Can.",Ethereum,1,1,AirdropV4BannysEthereum1,42,42,worn_outfit,Suit top,10,Doc Coat,26,26000000004,26000000003,0xaECD6D9172d602b93dBA3981991268b44af8096e,0xa5F8911d4CFd60a6697479f078409434424fe666,1000000001,1000000001,Alien,0xaECD6D9172d602b93dBA3981991268b44af8096e,Outfit is worn by the Banny; the outfitted Banny is transferred to recipient.
0x1786D033D5CbCC235B673e872c7613c2F83DA583 receives an Orange Banny on Hay Field background wearing Zucco Tshirt and Lightsaber.,Ethereum,1,1,AirdropV4BannysEthereum1,43,43,worn_outfit,Suit top,10,Zucco Tshirt,31,31000000003,31000000001,0x1786D033D5CbCC235B673e872c7613c2F83DA583,0xa5F8911d4CFd60a6697479f078409434424fe666,3000000007,3000000007,Orange,0x1786D033D5CbCC235B673e872c7613c2F83DA583,Outfit is worn by the Banny; the outfitted Banny is transferred to recipient.
"0x6a099Bb96DDF3963d5AddCAbDC0221914cF80b1F receives an Orange Banny wearing Flops, Zucco Tshirt, Headphones, and Cheap Beer.",Ethereum,1,1,AirdropV4BannysEthereum1,44,44,worn_outfit,Suit top,10,Zucco Tshirt,31,31000000006,31000000002,0x6a099Bb96DDF3963d5AddCAbDC0221914cF80b1F,0xa5F8911d4CFd60a6697479f078409434424fe666,3000000013,3000000013,Orange,0x6a099Bb96DDF3963d5AddCAbDC0221914cF80b1F,Outfit is worn by the Banny; the outfitted Banny is transferred to recipient.
0x1C51517d8277C9aD6d701Fb5394ceC0C18219eDb receives an Orange Banny wearing Ice Cube and Constitution.,Ethereum,1,1,AirdropV4BannysEthereum1,45,45,worn_outfit,Suit top,10,Ice Cube,32,32000000001,32000000001,0x1C51517d8277C9aD6d701Fb5394ceC0C18219eDb,0xa5F8911d4CFd60a6697479f078409434424fe666,3000000006,3000000006,Orange,0x1C51517d8277C9aD6d701Fb5394ceC0C18219eDb,Outfit is worn by the Banny; the outfitted Banny is transferred to recipient.
"0x0b2c9E0ee3057f4B9b0c2e42894a3D5A9B32b5Af receives an Orange Banny on Hay Field background wearing Ice Cube, Farmer Hat, and Potion.",Ethereum,1,1,AirdropV4BannysEthereum1,46,46,worn_outfit,Suit top,10,Ice Cube,32,32000000002,32000000002,0x0b2c9E0ee3057f4B9b0c2e42894a3D5A9B32b5Af,0xa5F8911d4CFd60a6697479f078409434424fe666,3000000010,3000000010,Orange,0x0b2c9E0ee3057f4B9b0c2e42894a3D5A9B32b5Af,Outfit is worn by the Banny; the outfitted Banny is transferred to recipient.
"0x817738DC393d682Ca5fBb268707b99F2aAe96baE receives an Orange Banny on Hay Field background wearing Investor Shades, Doc Coat, and Farmer Hat.",Ethereum,1,1,AirdropV4BannysEthereum1,47,47,worn_outfit,Head top,11,Farmer Hat,35,35000000001,35000000001,0x817738DC393d682Ca5fBb268707b99F2aAe96baE,0x817738DC393d682Ca5fBb268707b99F2aAe96baE,3000000001,3000000001,Orange,0x817738DC393d682Ca5fBb268707b99F2aAe96baE,Outfit is worn by the Banny; the outfitted Banny is transferred to recipient.
0xE16a238d207B9ac8B419C7A866b0De013c73357B receives an Orange Banny wearing Farmer Hat and Cheap Beer.,Ethereum,1,1,AirdropV4BannysEthereum1,48,48,worn_outfit,Head top,11,Farmer Hat,35,35000000002,35000000002,0xE16a238d207B9ac8B419C7A866b0De013c73357B,0xa5F8911d4CFd60a6697479f078409434424fe666,3000000009,3000000009,Orange,0xE16a238d207B9ac8B419C7A866b0De013c73357B,Outfit is worn by the Banny; the outfitted Banny is transferred to recipient.
"0x0b2c9E0ee3057f4B9b0c2e42894a3D5A9B32b5Af receives an Orange Banny on Hay Field background wearing Ice Cube, Farmer Hat, and Potion.",Ethereum,1,1,AirdropV4BannysEthereum1,49,49,worn_outfit,Head top,11,Farmer Hat,35,35000000004,35000000003,0x0b2c9E0ee3057f4B9b0c2e42894a3D5A9B32b5Af,0xa5F8911d4CFd60a6697479f078409434424fe666,3000000010,3000000010,Orange,0x0b2c9E0ee3057f4B9b0c2e42894a3D5A9B32b5Af,Outfit is worn by the Banny; the outfitted Banny is transferred to recipient.
"0x63A2368F4B509438ca90186cb1C15156713D5834 receives a Pink Banny wearing Pew Pew, Investor Shades, Flops, Doc Coat, and Farmer Hat.",Ethereum,1,1,AirdropV4BannysEthereum1,50,50,worn_outfit,Head top,11,Farmer Hat,35,35000000006,35000000004,0x63A2368F4B509438ca90186cb1C15156713D5834,0xa5F8911d4CFd60a6697479f078409434424fe666,2000000002,2000000002,Pink,0x63A2368F4B509438ca90186cb1C15156713D5834,Outfit is worn by the Banny; the outfitted Banny is transferred to recipient.
"0x6a099Bb96DDF3963d5AddCAbDC0221914cF80b1F receives an Orange Banny wearing Flops, Zucco Tshirt, Headphones, and Cheap Beer.",Ethereum,1,1,AirdropV4BannysEthereum1,51,51,worn_outfit,Head top,11,Headphones,37,37000000001,37000000001,0x6a099Bb96DDF3963d5AddCAbDC0221914cF80b1F,0xa5F8911d4CFd60a6697479f078409434424fe666,3000000013,3000000013,Orange,0x6a099Bb96DDF3963d5AddCAbDC0221914cF80b1F,Outfit is worn by the Banny; the outfitted Banny is transferred to recipient.
"0x0Cb1D93daEc77Df2ED7Db31C040Fd2174452bD9F receives an Orange Banny wearing Geisha Gown, Peach Hair, and Cheap Beer.",Ethereum,1,1,AirdropV4BannysEthereum1,52,52,worn_outfit,Head top,11,Peach Hair,39,39000000001,39000000001,0x0Cb1D93daEc77Df2ED7Db31C040Fd2174452bD9F,0xa5F8911d4CFd60a6697479f078409434424fe666,3000000011,3000000011,Orange,0x0Cb1D93daEc77Df2ED7Db31C040Fd2174452bD9F,Outfit is worn by the Banny; the outfitted Banny is transferred to recipient.
0xE16a238d207B9ac8B419C7A866b0De013c73357B receives an Orange Banny wearing Farmer Hat and Cheap Beer.,Ethereum,1,1,AirdropV4BannysEthereum1,53,53,worn_outfit,Fist,12,Cheap Beer,43,43000000005,43000000001,0xE16a238d207B9ac8B419C7A866b0De013c73357B,0xa5F8911d4CFd60a6697479f078409434424fe666,3000000009,3000000009,Orange,0xE16a238d207B9ac8B419C7A866b0De013c73357B,Outfit is worn by the Banny; the outfitted Banny is transferred to recipient.
"0x0Cb1D93daEc77Df2ED7Db31C040Fd2174452bD9F receives an Orange Banny wearing Geisha Gown, Peach Hair, and Cheap Beer.",Ethereum,1,1,AirdropV4BannysEthereum1,54,54,worn_outfit,Fist,12,Cheap Beer,43,43000000006,43000000002,0x0Cb1D93daEc77Df2ED7Db31C040Fd2174452bD9F,0xa5F8911d4CFd60a6697479f078409434424fe666,3000000011,3000000011,Orange,0x0Cb1D93daEc77Df2ED7Db31C040Fd2174452bD9F,Outfit is worn by the Banny; the outfitted Banny is transferred to recipient.
"0x6a099Bb96DDF3963d5AddCAbDC0221914cF80b1F receives an Orange Banny wearing Flops, Zucco Tshirt, Headphones, and Cheap Beer.",Ethereum,1,1,AirdropV4BannysEthereum1,55,55,worn_outfit,Fist,12,Cheap Beer,43,43000000007,43000000003,0x6a099Bb96DDF3963d5AddCAbDC0221914cF80b1F,0xa5F8911d4CFd60a6697479f078409434424fe666,3000000013,3000000013,Orange,0x6a099Bb96DDF3963d5AddCAbDC0221914cF80b1F,Outfit is worn by the Banny; the outfitted Banny is transferred to recipient.
0x516cAfD745Ec780D20f61c0d71fe258eA765222D receives an Orange Banny wearing Astronaut Head and Constitution.,Ethereum,1,1,AirdropV4BannysEthereum1,56,56,worn_outfit,Fist,12,Constitution,44,44000000003,44000000001,0x516cAfD745Ec780D20f61c0d71fe258eA765222D,0xa5F8911d4CFd60a6697479f078409434424fe666,3000000003,3000000003,Orange,0x516cAfD745Ec780D20f61c0d71fe258eA765222D,Outfit is worn by the Banny; the outfitted Banny is transferred to recipient.
0x1C51517d8277C9aD6d701Fb5394ceC0C18219eDb receives an Orange Banny wearing Ice Cube and Constitution.,Ethereum,1,1,AirdropV4BannysEthereum1,57,57,worn_outfit,Fist,12,Constitution,44,44000000004,44000000002,0x1C51517d8277C9aD6d701Fb5394ceC0C18219eDb,0xa5F8911d4CFd60a6697479f078409434424fe666,3000000006,3000000006,Orange,0x1C51517d8277C9aD6d701Fb5394ceC0C18219eDb,Outfit is worn by the Banny; the outfitted Banny is transferred to recipient.
"0xaECD6D9172d602b93dBA3981991268b44af8096e receives an Alien Banny on Work Station background wearing Pew Pew, Dorthy Shoes, Doc Coat, and Gas Can.",Ethereum,1,1,AirdropV4BannysEthereum1,58,58,worn_outfit,Fist,12,Gas Can,46,46000000001,46000000001,0xaECD6D9172d602b93dBA3981991268b44af8096e,0xa5F8911d4CFd60a6697479f078409434424fe666,1000000001,1000000001,Alien,0xaECD6D9172d602b93dBA3981991268b44af8096e,Outfit is worn by the Banny; the outfitted Banny is transferred to recipient.
0x1786D033D5CbCC235B673e872c7613c2F83DA583 receives an Orange Banny on Hay Field background wearing Zucco Tshirt and Lightsaber.,Ethereum,1,1,AirdropV4BannysEthereum1,59,59,worn_outfit,Fist,12,Lightsaber,47,47000000003,47000000001,0x1786D033D5CbCC235B673e872c7613c2F83DA583,0xa5F8911d4CFd60a6697479f078409434424fe666,3000000007,3000000007,Orange,0x1786D033D5CbCC235B673e872c7613c2F83DA583,Outfit is worn by the Banny; the outfitted Banny is transferred to recipient.
"0x0b2c9E0ee3057f4B9b0c2e42894a3D5A9B32b5Af receives an Orange Banny on Hay Field background wearing Ice Cube, Farmer Hat, and Potion.",Ethereum,1,1,AirdropV4BannysEthereum1,60,60,worn_outfit,Fist,12,Potion,48,48000000001,48000000001,0x0b2c9E0ee3057f4B9b0c2e42894a3D5A9B32b5Af,0xa5F8911d4CFd60a6697479f078409434424fe666,3000000010,3000000010,Orange,0x0b2c9E0ee3057f4B9b0c2e42894a3D5A9B32b5Af,Outfit is worn by the Banny; the outfitted Banny is transferred to recipient.
0x87084347AeBADc626e8569E0D386928dade2ba09 receives an Orange Banny with no outfit.,Ethereum,1,2,AirdropV4BannysEthereum2,61,1,banny_body,Banny body,0,Orange,3,3000000014,3000000014,0x87084347AeBADc626e8569E0D386928dade2ba09,0x87084347AeBADc626e8569E0D386928dade2ba09,3000000014,3000000014,Orange,0x87084347AeBADc626e8569E0D386928dade2ba09,Body transferred naked.
0x79d1E7F1A6E0Bbb3278a9d2B782e3A8983444cb6 receives an Orange Banny with no outfit.,Ethereum,1,2,AirdropV4BannysEthereum2,62,2,banny_body,Banny body,0,Orange,3,3000000015,3000000015,0x79d1E7F1A6E0Bbb3278a9d2B782e3A8983444cb6,0x79d1E7F1A6E0Bbb3278a9d2B782e3A8983444cb6,3000000015,3000000015,Orange,0x79d1E7F1A6E0Bbb3278a9d2B782e3A8983444cb6,Body transferred naked.
0x546B4A7A30b3193Badf70E1d43D8142928F3db0b receives an Orange Banny with no outfit.,Ethereum,1,2,AirdropV4BannysEthereum2,63,3,banny_body,Banny body,0,Orange,3,3000000016,3000000016,0x546B4A7A30b3193Badf70E1d43D8142928F3db0b,0x546B4A7A30b3193Badf70E1d43D8142928F3db0b,3000000016,3000000016,Orange,0x546B4A7A30b3193Badf70E1d43D8142928F3db0b,Body transferred naked.
0x08cF1208e638a5A3623be58d600e35c6199baa9C receives an Orange Banny on Work Station background wearing Jonny Utah Shirt and Dagger.,Ethereum,1,2,AirdropV4BannysEthereum2,64,4,outfitted_banny_body,Banny body,0,Orange,3,3000000017,3000000017,0x08cF1208e638a5A3623be58d600e35c6199baa9C,0x08cF1208e638a5A3623be58d600e35c6199baa9C,3000000017,3000000017,Orange,0x08cF1208e638a5A3623be58d600e35c6199baa9C,Body transferred after dressing.
0x1Ae766cc5947e1E4C3538EE1F3f47063D2B40E79 receives an Orange Banny with no outfit.,Ethereum,1,2,AirdropV4BannysEthereum2,65,5,banny_body,Banny body,0,Orange,3,3000000018,3000000018,0x1Ae766cc5947e1E4C3538EE1F3f47063D2B40E79,0x1Ae766cc5947e1E4C3538EE1F3f47063D2B40E79,3000000018,3000000018,Orange,0x1Ae766cc5947e1E4C3538EE1F3f47063D2B40E79,Body transferred naked.
0xe21A272c4D22eD40678a0168b4acd006bca8A482 receives an Orange Banny with no outfit.,Ethereum,1,2,AirdropV4BannysEthereum2,66,6,banny_body,Banny body,0,Orange,3,3000000019,3000000019,0xe21A272c4D22eD40678a0168b4acd006bca8A482,0xe21A272c4D22eD40678a0168b4acd006bca8A482,3000000019,3000000019,Orange,0xe21A272c4D22eD40678a0168b4acd006bca8A482,Body transferred naked.
0xaECD6D9172d602b93dBA3981991268b44af8096e receives an Orange Banny with no outfit.,Ethereum,1,2,AirdropV4BannysEthereum2,67,7,banny_body,Banny body,0,Orange,3,3000000020,3000000020,0xaECD6D9172d602b93dBA3981991268b44af8096e,0xaECD6D9172d602b93dBA3981991268b44af8096e,3000000020,3000000020,Orange,0xaECD6D9172d602b93dBA3981991268b44af8096e,Body transferred naked.
0x45C3d8Aacc0d537dAc234AD4C20Ef05d6041CeFe receives an Orange Banny with no outfit.,Ethereum,1,2,AirdropV4BannysEthereum2,68,8,banny_body,Banny body,0,Orange,3,3000000021,3000000021,0x45C3d8Aacc0d537dAc234AD4C20Ef05d6041CeFe,0x45C3d8Aacc0d537dAc234AD4C20Ef05d6041CeFe,3000000021,3000000021,Orange,0x45C3d8Aacc0d537dAc234AD4C20Ef05d6041CeFe,Body transferred naked.
"0x7D0068d0D8fC2Aa15d897448B348Fa9B30f6d4c9 receives an Orange Banny on Hay Field background wearing Flops, Natty Dred, and Potion.",Ethereum,1,2,AirdropV4BannysEthereum2,69,9,outfitted_banny_body,Banny body,0,Orange,3,3000000022,3000000022,0x7D0068d0D8fC2Aa15d897448B348Fa9B30f6d4c9,0x7D0068d0D8fC2Aa15d897448B348Fa9B30f6d4c9,3000000022,3000000022,Orange,0x7D0068d0D8fC2Aa15d897448B348Fa9B30f6d4c9,Body transferred after dressing.
"0x823b92d6a4b2AED4b15675c7917c9f922ea8ADAD receives an Orange Banny wearing Investor Shades, Jonny Utah Shirt, Headphones, and Chefs Knife.",Ethereum,1,2,AirdropV4BannysEthereum2,70,10,outfitted_banny_body,Banny body,0,Orange,3,3000000023,3000000023,0x823b92d6a4b2AED4b15675c7917c9f922ea8ADAD,0x823b92d6a4b2AED4b15675c7917c9f922ea8ADAD,3000000023,3000000023,Orange,0x823b92d6a4b2AED4b15675c7917c9f922ea8ADAD,Body transferred after dressing.
0x898e24EBC9dAf5a9930f10def8B6a373F859C101 receives an Orange Banny with no outfit.,Ethereum,1,2,AirdropV4BannysEthereum2,71,11,banny_body,Banny body,0,Orange,3,3000000024,3000000024,0x898e24EBC9dAf5a9930f10def8B6a373F859C101,0x898e24EBC9dAf5a9930f10def8B6a373F859C101,3000000024,3000000024,Orange,0x898e24EBC9dAf5a9930f10def8B6a373F859C101,Body transferred naked.
0x898e24EBC9dAf5a9930f10def8B6a373F859C101 receives an Orange Banny with no outfit.,Ethereum,1,2,AirdropV4BannysEthereum2,72,12,banny_body,Banny body,0,Orange,3,3000000025,3000000025,0x898e24EBC9dAf5a9930f10def8B6a373F859C101,0x898e24EBC9dAf5a9930f10def8B6a373F859C101,3000000025,3000000025,Orange,0x898e24EBC9dAf5a9930f10def8B6a373F859C101,Body transferred naked.
"0x823b92d6a4b2AED4b15675c7917c9f922ea8ADAD receives an Orange Banny on Hay Field background wearing Proff Glasses, Punk Jacket, and Peach Hair.",Ethereum,1,2,AirdropV4BannysEthereum2,73,13,outfitted_banny_body,Banny body,0,Orange,3,3000000026,3000000026,0x823b92d6a4b2AED4b15675c7917c9f922ea8ADAD,0x823b92d6a4b2AED4b15675c7917c9f922ea8ADAD,3000000026,3000000026,Orange,0x823b92d6a4b2AED4b15675c7917c9f922ea8ADAD,Body transferred after dressing.
0x961d4191965C49537c88F764D88318872CE405bE receives an Original Banny with no outfit.,Ethereum,1,2,AirdropV4BannysEthereum2,74,14,banny_body,Banny body,0,Original,4,4000000001,4000000001,0x961d4191965C49537c88F764D88318872CE405bE,0x961d4191965C49537c88F764D88318872CE405bE,4000000001,4000000001,Original,0x961d4191965C49537c88F764D88318872CE405bE,Body transferred naked.
0x21a8f5A6bF893D43d3964dDaf4E04766BBBE9b07 receives an Original Banny with no outfit.,Ethereum,1,2,AirdropV4BannysEthereum2,75,15,banny_body,Banny body,0,Original,4,4000000002,4000000002,0x21a8f5A6bF893D43d3964dDaf4E04766BBBE9b07,0x21a8f5A6bF893D43d3964dDaf4E04766BBBE9b07,4000000002,4000000002,Original,0x21a8f5A6bF893D43d3964dDaf4E04766BBBE9b07,Body transferred naked.
0x7a16eABD1413Bfd468aE9fEBF7C26c62f1fFdc59 receives an Original Banny with no outfit.,Ethereum,1,2,AirdropV4BannysEthereum2,76,16,banny_body,Banny body,0,Original,4,4000000003,4000000003,0x7a16eABD1413Bfd468aE9fEBF7C26c62f1fFdc59,0x7a16eABD1413Bfd468aE9fEBF7C26c62f1fFdc59,4000000003,4000000003,Original,0x7a16eABD1413Bfd468aE9fEBF7C26c62f1fFdc59,Body transferred naked.
0x8b80755C441d355405CA7571443Bb9247B77Ec16 receives an Original Banny wearing Irie Shirt.,Ethereum,1,2,AirdropV4BannysEthereum2,77,17,outfitted_banny_body,Banny body,0,Original,4,4000000004,4000000004,0x8b80755C441d355405CA7571443Bb9247B77Ec16,0x8b80755C441d355405CA7571443Bb9247B77Ec16,4000000004,4000000004,Original,0x8b80755C441d355405CA7571443Bb9247B77Ec16,Body transferred after dressing.
0x8b80755C441d355405CA7571443Bb9247B77Ec16 receives an Original Banny with no outfit.,Ethereum,1,2,AirdropV4BannysEthereum2,78,18,banny_body,Banny body,0,Original,4,4000000005,4000000005,0x8b80755C441d355405CA7571443Bb9247B77Ec16,0x8b80755C441d355405CA7571443Bb9247B77Ec16,4000000005,4000000005,Original,0x8b80755C441d355405CA7571443Bb9247B77Ec16,Body transferred naked.
0xa13d49fCbf79EAF6A0a58cBDD3361422DB4eAfF1 receives an Original Banny with no outfit.,Ethereum,1,2,AirdropV4BannysEthereum2,79,19,banny_body,Banny body,0,Original,4,4000000006,4000000006,0xa13d49fCbf79EAF6A0a58cBDD3361422DB4eAfF1,0xa13d49fCbf79EAF6A0a58cBDD3361422DB4eAfF1,4000000006,4000000006,Original,0xa13d49fCbf79EAF6A0a58cBDD3361422DB4eAfF1,Body transferred naked.
0xe7879a2D05dBA966Fcca34EE9C3F99eEe7eDEFd1 receives an Original Banny with no outfit.,Ethereum,1,2,AirdropV4BannysEthereum2,80,20,banny_body,Banny body,0,Original,4,4000000007,4000000007,0xe7879a2D05dBA966Fcca34EE9C3F99eEe7eDEFd1,0xe7879a2D05dBA966Fcca34EE9C3F99eEe7eDEFd1,4000000007,4000000007,Original,0xe7879a2D05dBA966Fcca34EE9C3F99eEe7eDEFd1,Body transferred naked.
0x08cF1208e638a5A3623be58d600e35c6199baa9C receives an Orange Banny on Work Station background wearing Jonny Utah Shirt and Dagger.,Ethereum,1,2,AirdropV4BannysEthereum2,81,21,worn_background,Background,1,Work Station,5,5000000002,5000000004,0x08cF1208e638a5A3623be58d600e35c6199baa9C,0xa5F8911d4CFd60a6697479f078409434424fe666,3000000017,3000000017,Orange,0x08cF1208e638a5A3623be58d600e35c6199baa9C,Background is worn by the Banny; the outfitted Banny is transferred to recipient.
"0x7D0068d0D8fC2Aa15d897448B348Fa9B30f6d4c9 receives an Orange Banny on Hay Field background wearing Flops, Natty Dred, and Potion.",Ethereum,1,2,AirdropV4BannysEthereum2,82,22,worn_background,Background,1,Hay Field,6,6000000011,6000000004,0x7D0068d0D8fC2Aa15d897448B348Fa9B30f6d4c9,0xa5F8911d4CFd60a6697479f078409434424fe666,3000000022,3000000022,Orange,0x7D0068d0D8fC2Aa15d897448B348Fa9B30f6d4c9,Background is worn by the Banny; the outfitted Banny is transferred to recipient.
"0x823b92d6a4b2AED4b15675c7917c9f922ea8ADAD receives an Orange Banny on Hay Field background wearing Proff Glasses, Punk Jacket, and Peach Hair.",Ethereum,1,2,AirdropV4BannysEthereum2,83,23,worn_background,Background,1,Hay Field,6,6000000012,6000000005,0x823b92d6a4b2AED4b15675c7917c9f922ea8ADAD,0xa5F8911d4CFd60a6697479f078409434424fe666,3000000026,3000000026,Orange,0x823b92d6a4b2AED4b15675c7917c9f922ea8ADAD,Background is worn by the Banny; the outfitted Banny is transferred to recipient.
"0x823b92d6a4b2AED4b15675c7917c9f922ea8ADAD receives an Orange Banny wearing Investor Shades, Jonny Utah Shirt, Headphones, and Chefs Knife.",Ethereum,1,2,AirdropV4BannysEthereum2,84,24,worn_outfit,Glasses,5,Investor Shades,14,14000000005,14000000003,0x823b92d6a4b2AED4b15675c7917c9f922ea8ADAD,0xa5F8911d4CFd60a6697479f078409434424fe666,3000000023,3000000023,Orange,0x823b92d6a4b2AED4b15675c7917c9f922ea8ADAD,Outfit is worn by the Banny; the outfitted Banny is transferred to recipient.
"0x823b92d6a4b2AED4b15675c7917c9f922ea8ADAD receives an Orange Banny on Hay Field background wearing Proff Glasses, Punk Jacket, and Peach Hair.",Ethereum,1,2,AirdropV4BannysEthereum2,85,25,worn_outfit,Glasses,5,Proff Glasses,15,15000000004,15000000001,0x823b92d6a4b2AED4b15675c7917c9f922ea8ADAD,0xa5F8911d4CFd60a6697479f078409434424fe666,3000000026,3000000026,Orange,0x823b92d6a4b2AED4b15675c7917c9f922ea8ADAD,Outfit is worn by the Banny; the outfitted Banny is transferred to recipient.
"0x7D0068d0D8fC2Aa15d897448B348Fa9B30f6d4c9 receives an Orange Banny on Hay Field background wearing Flops, Natty Dred, and Potion.",Ethereum,1,2,AirdropV4BannysEthereum2,86,26,worn_outfit,Legs,7,Flops,19,19000000015,19000000004,0x7D0068d0D8fC2Aa15d897448B348Fa9B30f6d4c9,0xa5F8911d4CFd60a6697479f078409434424fe666,3000000022,3000000022,Orange,0x7D0068d0D8fC2Aa15d897448B348Fa9B30f6d4c9,Outfit is worn by the Banny; the outfitted Banny is transferred to recipient.
0x08cF1208e638a5A3623be58d600e35c6199baa9C receives an Orange Banny on Work Station background wearing Jonny Utah Shirt and Dagger.,Ethereum,1,2,AirdropV4BannysEthereum2,87,27,worn_outfit,Suit top,10,Jonny Utah Shirt,25,25000000005,25000000002,0x08cF1208e638a5A3623be58d600e35c6199baa9C,0xa5F8911d4CFd60a6697479f078409434424fe666,3000000017,3000000017,Orange,0x08cF1208e638a5A3623be58d600e35c6199baa9C,Outfit is worn by the Banny; the outfitted Banny is transferred to recipient.
"0x823b92d6a4b2AED4b15675c7917c9f922ea8ADAD receives an Orange Banny wearing Investor Shades, Jonny Utah Shirt, Headphones, and Chefs Knife.",Ethereum,1,2,AirdropV4BannysEthereum2,88,28,worn_outfit,Suit top,10,Jonny Utah Shirt,25,25000000008,25000000003,0x823b92d6a4b2AED4b15675c7917c9f922ea8ADAD,0xa5F8911d4CFd60a6697479f078409434424fe666,3000000023,3000000023,Orange,0x823b92d6a4b2AED4b15675c7917c9f922ea8ADAD,Outfit is worn by the Banny; the outfitted Banny is transferred to recipient.
0x8b80755C441d355405CA7571443Bb9247B77Ec16 receives an Original Banny wearing Irie Shirt.,Ethereum,1,2,AirdropV4BannysEthereum2,89,29,worn_outfit,Suit top,10,Irie Shirt,28,28000000002,28000000001,0x8b80755C441d355405CA7571443Bb9247B77Ec16,0xa5F8911d4CFd60a6697479f078409434424fe666,4000000004,4000000004,Original,0x8b80755C441d355405CA7571443Bb9247B77Ec16,Outfit is worn by the Banny; the outfitted Banny is transferred to recipient.
"0x823b92d6a4b2AED4b15675c7917c9f922ea8ADAD receives an Orange Banny on Hay Field background wearing Proff Glasses, Punk Jacket, and Peach Hair.",Ethereum,1,2,AirdropV4BannysEthereum2,90,30,worn_outfit,Suit top,10,Punk Jacket,29,29000000003,29000000001,0x823b92d6a4b2AED4b15675c7917c9f922ea8ADAD,0xa5F8911d4CFd60a6697479f078409434424fe666,3000000026,3000000026,Orange,0x823b92d6a4b2AED4b15675c7917c9f922ea8ADAD,Outfit is worn by the Banny; the outfitted Banny is transferred to recipient.
"0x823b92d6a4b2AED4b15675c7917c9f922ea8ADAD receives an Orange Banny wearing Investor Shades, Jonny Utah Shirt, Headphones, and Chefs Knife.",Ethereum,1,2,AirdropV4BannysEthereum2,91,31,worn_outfit,Head top,11,Headphones,37,37000000003,37000000002,0x823b92d6a4b2AED4b15675c7917c9f922ea8ADAD,0xa5F8911d4CFd60a6697479f078409434424fe666,3000000023,3000000023,Orange,0x823b92d6a4b2AED4b15675c7917c9f922ea8ADAD,Outfit is worn by the Banny; the outfitted Banny is transferred to recipient.
"0x7D0068d0D8fC2Aa15d897448B348Fa9B30f6d4c9 receives an Orange Banny on Hay Field background wearing Flops, Natty Dred, and Potion.",Ethereum,1,2,AirdropV4BannysEthereum2,92,32,worn_outfit,Head top,11,Natty Dred,38,38000000002,38000000001,0x7D0068d0D8fC2Aa15d897448B348Fa9B30f6d4c9,0xa5F8911d4CFd60a6697479f078409434424fe666,3000000022,3000000022,Orange,0x7D0068d0D8fC2Aa15d897448B348Fa9B30f6d4c9,Outfit is worn by the Banny; the outfitted Banny is transferred to recipient.
"0x823b92d6a4b2AED4b15675c7917c9f922ea8ADAD receives an Orange Banny on Hay Field background wearing Proff Glasses, Punk Jacket, and Peach Hair.",Ethereum,1,2,AirdropV4BannysEthereum2,93,33,worn_outfit,Head top,11,Peach Hair,39,39000000003,39000000002,0x823b92d6a4b2AED4b15675c7917c9f922ea8ADAD,0xa5F8911d4CFd60a6697479f078409434424fe666,3000000026,3000000026,Orange,0x823b92d6a4b2AED4b15675c7917c9f922ea8ADAD,Outfit is worn by the Banny; the outfitted Banny is transferred to recipient.
"0x823b92d6a4b2AED4b15675c7917c9f922ea8ADAD receives an Orange Banny wearing Investor Shades, Jonny Utah Shirt, Headphones, and Chefs Knife.",Ethereum,1,2,AirdropV4BannysEthereum2,94,34,worn_outfit,Fist,12,Chefs Knife,42,42000000007,42000000001,0x823b92d6a4b2AED4b15675c7917c9f922ea8ADAD,0xa5F8911d4CFd60a6697479f078409434424fe666,3000000023,3000000023,Orange,0x823b92d6a4b2AED4b15675c7917c9f922ea8ADAD,Outfit is worn by the Banny; the outfitted Banny is transferred to recipient.
"0x7D0068d0D8fC2Aa15d897448B348Fa9B30f6d4c9 receives an Orange Banny on Hay Field background wearing Flops, Natty Dred, and Potion.",Ethereum,1,2,AirdropV4BannysEthereum2,95,35,worn_outfit,Fist,12,Potion,48,48000000005,48000000002,0x7D0068d0D8fC2Aa15d897448B348Fa9B30f6d4c9,0xa5F8911d4CFd60a6697479f078409434424fe666,3000000022,3000000022,Orange,0x7D0068d0D8fC2Aa15d897448B348Fa9B30f6d4c9,Outfit is worn by the Banny; the outfitted Banny is transferred to recipient.
0x08cF1208e638a5A3623be58d600e35c6199baa9C receives an Orange Banny on Work Station background wearing Jonny Utah Shirt and Dagger.,Ethereum,1,2,AirdropV4BannysEthereum2,96,36,worn_outfit,Fist,12,Dagger,49,49000000002,49000000001,0x08cF1208e638a5A3623be58d600e35c6199baa9C,0xa5F8911d4CFd60a6697479f078409434424fe666,3000000017,3000000017,Orange,0x08cF1208e638a5A3623be58d600e35c6199baa9C,Outfit is worn by the Banny; the outfitted Banny is transferred to recipient.
0x0447AD1BdC0fFA06f7029c8E63F4De21E65255d2 receives an Original Banny with no outfit.,Ethereum,1,3,AirdropV4BannysEthereum3,97,1,banny_body,Banny body,0,Original,4,4000000008,4000000008,0x0447AD1BdC0fFA06f7029c8E63F4De21E65255d2,0x0447AD1BdC0fFA06f7029c8E63F4De21E65255d2,4000000008,4000000008,Original,0x0447AD1BdC0fFA06f7029c8E63F4De21E65255d2,Body transferred naked.
"0x5706d5aD7A68bf8692bD341234bE44ca7Bf2f654 receives an Original Banny wearing Astronaut Head, Flops, Jonny Utah Shirt, and Cheap Beer.",Ethereum,1,3,AirdropV4BannysEthereum3,98,2,outfitted_banny_body,Banny body,0,Original,4,4000000009,4000000009,0x5706d5aD7A68bf8692bD341234bE44ca7Bf2f654,0x5706d5aD7A68bf8692bD341234bE44ca7Bf2f654,4000000009,4000000009,Original,0x5706d5aD7A68bf8692bD341234bE44ca7Bf2f654,Body transferred after dressing.
"0x679d87D8640e66778c3419D164998E720D7495f6 receives an Original Banny on Work Station background wearing Astronaut Head, Astronaut Boots, Astronaut Suit, and Constitution.",Ethereum,1,3,AirdropV4BannysEthereum3,99,3,outfitted_banny_body,Banny body,0,Original,4,4000000010,4000000010,0x679d87D8640e66778c3419D164998E720D7495f6,0x679d87D8640e66778c3419D164998E720D7495f6,4000000010,4000000010,Original,0x679d87D8640e66778c3419D164998E720D7495f6,Body transferred after dressing.
0x817738DC393d682Ca5fBb268707b99F2aAe96baE receives an Original Banny with no outfit.,Ethereum,1,3,AirdropV4BannysEthereum3,100,4,banny_body,Banny body,0,Original,4,4000000011,4000000011,0x817738DC393d682Ca5fBb268707b99F2aAe96baE,0x817738DC393d682Ca5fBb268707b99F2aAe96baE,4000000011,4000000011,Original,0x817738DC393d682Ca5fBb268707b99F2aAe96baE,Body transferred naked.
0x4A290F18c35bBFE97B2557cf765De9387726dE39 receives an Original Banny with no outfit.,Ethereum,1,3,AirdropV4BannysEthereum3,101,5,banny_body,Banny body,0,Original,4,4000000012,4000000012,0x4A290F18c35bBFE97B2557cf765De9387726dE39,0x4A290F18c35bBFE97B2557cf765De9387726dE39,4000000012,4000000012,Original,0x4A290F18c35bBFE97B2557cf765De9387726dE39,Body transferred naked.
0x25171bD3cD3231c3057c96F38E32E3bA6681497a receives an Original Banny wearing Zucco Tshirt.,Ethereum,1,3,AirdropV4BannysEthereum3,102,6,outfitted_banny_body,Banny body,0,Original,4,4000000013,4000000013,0x25171bD3cD3231c3057c96F38E32E3bA6681497a,0x25171bD3cD3231c3057c96F38E32E3bA6681497a,4000000013,4000000013,Original,0x25171bD3cD3231c3057c96F38E32E3bA6681497a,Body transferred after dressing.
"0xa7226e53F3100C093A0a5BCb6E3D0976EB3db1D6 receives an Original Banny wearing Astronaut Head, Flops, Jonny Utah Shirt, and Dagger.",Ethereum,1,3,AirdropV4BannysEthereum3,103,7,outfitted_banny_body,Banny body,0,Original,4,4000000014,4000000014,0xa7226e53F3100C093A0a5BCb6E3D0976EB3db1D6,0xa7226e53F3100C093A0a5BCb6E3D0976EB3db1D6,4000000014,4000000014,Original,0xa7226e53F3100C093A0a5BCb6E3D0976EB3db1D6,Body transferred after dressing.
0x76A6D08b82034b397E7e09dAe4377C18F132BbB8 receives an Original Banny wearing Proff Glasses and Doc Coat.,Ethereum,1,3,AirdropV4BannysEthereum3,104,8,outfitted_banny_body,Banny body,0,Original,4,4000000015,4000000015,0x76A6D08b82034b397E7e09dAe4377C18F132BbB8,0x76A6D08b82034b397E7e09dAe4377C18F132BbB8,4000000015,4000000015,Original,0x76A6D08b82034b397E7e09dAe4377C18F132BbB8,Body transferred after dressing.
0x809C9f8dd8CA93A41c3adca4972Fa234C28F7714 receives an Original Banny on Hay Field background wearing Astronaut Head.,Ethereum,1,3,AirdropV4BannysEthereum3,105,9,outfitted_banny_body,Banny body,0,Original,4,4000000016,4000000016,0x809C9f8dd8CA93A41c3adca4972Fa234C28F7714,0x809C9f8dd8CA93A41c3adca4972Fa234C28F7714,4000000016,4000000016,Original,0x809C9f8dd8CA93A41c3adca4972Fa234C28F7714,Body transferred after dressing.
0x809C9f8dd8CA93A41c3adca4972Fa234C28F7714 receives an Original Banny with no outfit.,Ethereum,1,3,AirdropV4BannysEthereum3,106,10,banny_body,Banny body,0,Original,4,4000000017,4000000017,0x809C9f8dd8CA93A41c3adca4972Fa234C28F7714,0x809C9f8dd8CA93A41c3adca4972Fa234C28F7714,4000000017,4000000017,Original,0x809C9f8dd8CA93A41c3adca4972Fa234C28F7714,Body transferred naked.
0x126eeFa566ABF5aC3EfDAeF52d79E962CFFdB448 receives an Original Banny with no outfit.,Ethereum,1,3,AirdropV4BannysEthereum3,107,11,banny_body,Banny body,0,Original,4,4000000018,4000000018,0x126eeFa566ABF5aC3EfDAeF52d79E962CFFdB448,0x126eeFa566ABF5aC3EfDAeF52d79E962CFFdB448,4000000018,4000000018,Original,0x126eeFa566ABF5aC3EfDAeF52d79E962CFFdB448,Body transferred naked.
"0x77fb4fa1ABA92576942aD34BC47834059b84e693 receives an Original Banny wearing Flops, Farmer Hat, and Chefs Knife.",Ethereum,1,3,AirdropV4BannysEthereum3,108,12,outfitted_banny_body,Banny body,0,Original,4,4000000019,4000000019,0x77fb4fa1ABA92576942aD34BC47834059b84e693,0x77fb4fa1ABA92576942aD34BC47834059b84e693,4000000019,4000000019,Original,0x77fb4fa1ABA92576942aD34BC47834059b84e693,Body transferred after dressing.
0x08cEb8Bba685ee708C9c4c65576837cbE19B9dea receives an Original Banny with no outfit.,Ethereum,1,3,AirdropV4BannysEthereum3,109,13,banny_body,Banny body,0,Original,4,4000000020,4000000020,0x08cEb8Bba685ee708C9c4c65576837cbE19B9dea,0x08cEb8Bba685ee708C9c4c65576837cbE19B9dea,4000000020,4000000020,Original,0x08cEb8Bba685ee708C9c4c65576837cbE19B9dea,Body transferred naked.
0x690C01b4b1389D9D9265820F77DCbD2A6Ad04e6c receives an Original Banny with no outfit.,Ethereum,1,3,AirdropV4BannysEthereum3,110,14,banny_body,Banny body,0,Original,4,4000000021,4000000021,0x690C01b4b1389D9D9265820F77DCbD2A6Ad04e6c,0x690C01b4b1389D9D9265820F77DCbD2A6Ad04e6c,4000000021,4000000021,Original,0x690C01b4b1389D9D9265820F77DCbD2A6Ad04e6c,Body transferred naked.
0x690C01b4b1389D9D9265820F77DCbD2A6Ad04e6c receives an Original Banny with no outfit.,Ethereum,1,3,AirdropV4BannysEthereum3,111,15,banny_body,Banny body,0,Original,4,4000000022,4000000022,0x690C01b4b1389D9D9265820F77DCbD2A6Ad04e6c,0x690C01b4b1389D9D9265820F77DCbD2A6Ad04e6c,4000000022,4000000022,Original,0x690C01b4b1389D9D9265820F77DCbD2A6Ad04e6c,Body transferred naked.
0x7bE8c264c9DCebA3A35990c78d5C4220D8724B6e receives an Original Banny wearing Zucco Tshirt.,Ethereum,1,3,AirdropV4BannysEthereum3,112,16,outfitted_banny_body,Banny body,0,Original,4,4000000023,4000000023,0x7bE8c264c9DCebA3A35990c78d5C4220D8724B6e,0x7bE8c264c9DCebA3A35990c78d5C4220D8724B6e,4000000023,4000000023,Original,0x7bE8c264c9DCebA3A35990c78d5C4220D8724B6e,Body transferred after dressing.
0x7bE8c264c9DCebA3A35990c78d5C4220D8724B6e receives an Original Banny with no outfit.,Ethereum,1,3,AirdropV4BannysEthereum3,113,17,banny_body,Banny body,0,Original,4,4000000024,4000000024,0x7bE8c264c9DCebA3A35990c78d5C4220D8724B6e,0x7bE8c264c9DCebA3A35990c78d5C4220D8724B6e,4000000024,4000000024,Original,0x7bE8c264c9DCebA3A35990c78d5C4220D8724B6e,Body transferred naked.
0x7bE8c264c9DCebA3A35990c78d5C4220D8724B6e receives an Original Banny with no outfit.,Ethereum,1,3,AirdropV4BannysEthereum3,114,18,banny_body,Banny body,0,Original,4,4000000025,4000000025,0x7bE8c264c9DCebA3A35990c78d5C4220D8724B6e,0x7bE8c264c9DCebA3A35990c78d5C4220D8724B6e,4000000025,4000000025,Original,0x7bE8c264c9DCebA3A35990c78d5C4220D8724B6e,Body transferred naked.
0x7bE8c264c9DCebA3A35990c78d5C4220D8724B6e receives an Original Banny with no outfit.,Ethereum,1,3,AirdropV4BannysEthereum3,115,19,banny_body,Banny body,0,Original,4,4000000026,4000000026,0x7bE8c264c9DCebA3A35990c78d5C4220D8724B6e,0x7bE8c264c9DCebA3A35990c78d5C4220D8724B6e,4000000026,4000000026,Original,0x7bE8c264c9DCebA3A35990c78d5C4220D8724B6e,Body transferred naked.
0x7bE8c264c9DCebA3A35990c78d5C4220D8724B6e receives an Original Banny with no outfit.,Ethereum,1,3,AirdropV4BannysEthereum3,116,20,banny_body,Banny body,0,Original,4,4000000027,4000000027,0x7bE8c264c9DCebA3A35990c78d5C4220D8724B6e,0x7bE8c264c9DCebA3A35990c78d5C4220D8724B6e,4000000027,4000000027,Original,0x7bE8c264c9DCebA3A35990c78d5C4220D8724B6e,Body transferred naked.
"0x679d87D8640e66778c3419D164998E720D7495f6 receives an Original Banny on Work Station background wearing Astronaut Head, Astronaut Boots, Astronaut Suit, and Constitution.",Ethereum,1,3,AirdropV4BannysEthereum3,117,21,worn_background,Background,1,Work Station,5,5000000001,5000000005,0x679d87D8640e66778c3419D164998E720D7495f6,0xa5F8911d4CFd60a6697479f078409434424fe666,4000000010,4000000010,Original,0x679d87D8640e66778c3419D164998E720D7495f6,Background is worn by the Banny; the outfitted Banny is transferred to recipient.
0x809C9f8dd8CA93A41c3adca4972Fa234C28F7714 receives an Original Banny on Hay Field background wearing Astronaut Head.,Ethereum,1,3,AirdropV4BannysEthereum3,118,22,worn_background,Background,1,Hay Field,6,6000000002,6000000006,0x809C9f8dd8CA93A41c3adca4972Fa234C28F7714,0xa5F8911d4CFd60a6697479f078409434424fe666,4000000016,4000000016,Original,0x809C9f8dd8CA93A41c3adca4972Fa234C28F7714,Background is worn by the Banny; the outfitted Banny is transferred to recipient.
"0x5706d5aD7A68bf8692bD341234bE44ca7Bf2f654 receives an Original Banny wearing Astronaut Head, Flops, Jonny Utah Shirt, and Cheap Beer.",Ethereum,1,3,AirdropV4BannysEthereum3,119,23,worn_outfit,Head,4,Astronaut Head,10,10000000001,10000000002,0x5706d5aD7A68bf8692bD341234bE44ca7Bf2f654,0xa5F8911d4CFd60a6697479f078409434424fe666,4000000009,4000000009,Original,0x5706d5aD7A68bf8692bD341234bE44ca7Bf2f654,Outfit is worn by the Banny; the outfitted Banny is transferred to recipient.
"0x679d87D8640e66778c3419D164998E720D7495f6 receives an Original Banny on Work Station background wearing Astronaut Head, Astronaut Boots, Astronaut Suit, and Constitution.",Ethereum,1,3,AirdropV4BannysEthereum3,120,24,worn_outfit,Head,4,Astronaut Head,10,10000000002,10000000003,0x679d87D8640e66778c3419D164998E720D7495f6,0xa5F8911d4CFd60a6697479f078409434424fe666,4000000010,4000000010,Original,0x679d87D8640e66778c3419D164998E720D7495f6,Outfit is worn by the Banny; the outfitted Banny is transferred to recipient.
"0xa7226e53F3100C093A0a5BCb6E3D0976EB3db1D6 receives an Original Banny wearing Astronaut Head, Flops, Jonny Utah Shirt, and Dagger.",Ethereum,1,3,AirdropV4BannysEthereum3,121,25,worn_outfit,Head,4,Astronaut Head,10,10000000006,10000000004,0xa7226e53F3100C093A0a5BCb6E3D0976EB3db1D6,0xa5F8911d4CFd60a6697479f078409434424fe666,4000000014,4000000014,Original,0xa7226e53F3100C093A0a5BCb6E3D0976EB3db1D6,Outfit is worn by the Banny; the outfitted Banny is transferred to recipient.
0x809C9f8dd8CA93A41c3adca4972Fa234C28F7714 receives an Original Banny on Hay Field background wearing Astronaut Head.,Ethereum,1,3,AirdropV4BannysEthereum3,122,26,worn_outfit,Head,4,Astronaut Head,10,10000000007,10000000005,0x809C9f8dd8CA93A41c3adca4972Fa234C28F7714,0xa5F8911d4CFd60a6697479f078409434424fe666,4000000016,4000000016,Original,0x809C9f8dd8CA93A41c3adca4972Fa234C28F7714,Outfit is worn by the Banny; the outfitted Banny is transferred to recipient.
0x76A6D08b82034b397E7e09dAe4377C18F132BbB8 receives an Original Banny wearing Proff Glasses and Doc Coat.,Ethereum,1,3,AirdropV4BannysEthereum3,123,27,worn_outfit,Glasses,5,Proff Glasses,15,15000000001,15000000002,0x76A6D08b82034b397E7e09dAe4377C18F132BbB8,0xa5F8911d4CFd60a6697479f078409434424fe666,4000000015,4000000015,Original,0x76A6D08b82034b397E7e09dAe4377C18F132BbB8,Outfit is worn by the Banny; the outfitted Banny is transferred to recipient.
"0x679d87D8640e66778c3419D164998E720D7495f6 receives an Original Banny on Work Station background wearing Astronaut Head, Astronaut Boots, Astronaut Suit, and Constitution.",Ethereum,1,3,AirdropV4BannysEthereum3,124,28,worn_outfit,Legs,7,Astronaut Boots,18,18000000001,18000000002,0x679d87D8640e66778c3419D164998E720D7495f6,0xa5F8911d4CFd60a6697479f078409434424fe666,4000000010,4000000010,Original,0x679d87D8640e66778c3419D164998E720D7495f6,Outfit is worn by the Banny; the outfitted Banny is transferred to recipient.
"0x5706d5aD7A68bf8692bD341234bE44ca7Bf2f654 receives an Original Banny wearing Astronaut Head, Flops, Jonny Utah Shirt, and Cheap Beer.",Ethereum,1,3,AirdropV4BannysEthereum3,125,29,worn_outfit,Legs,7,Flops,19,19000000002,19000000005,0x5706d5aD7A68bf8692bD341234bE44ca7Bf2f654,0xa5F8911d4CFd60a6697479f078409434424fe666,4000000009,4000000009,Original,0x5706d5aD7A68bf8692bD341234bE44ca7Bf2f654,Outfit is worn by the Banny; the outfitted Banny is transferred to recipient.
"0xa7226e53F3100C093A0a5BCb6E3D0976EB3db1D6 receives an Original Banny wearing Astronaut Head, Flops, Jonny Utah Shirt, and Dagger.",Ethereum,1,3,AirdropV4BannysEthereum3,126,30,worn_outfit,Legs,7,Flops,19,19000000004,19000000006,0xa7226e53F3100C093A0a5BCb6E3D0976EB3db1D6,0xa5F8911d4CFd60a6697479f078409434424fe666,4000000014,4000000014,Original,0xa7226e53F3100C093A0a5BCb6E3D0976EB3db1D6,Outfit is worn by the Banny; the outfitted Banny is transferred to recipient.
"0x77fb4fa1ABA92576942aD34BC47834059b84e693 receives an Original Banny wearing Flops, Farmer Hat, and Chefs Knife.",Ethereum,1,3,AirdropV4BannysEthereum3,127,31,worn_outfit,Legs,7,Flops,19,19000000005,19000000007,0x77fb4fa1ABA92576942aD34BC47834059b84e693,0xa5F8911d4CFd60a6697479f078409434424fe666,4000000019,4000000019,Original,0x77fb4fa1ABA92576942aD34BC47834059b84e693,Outfit is worn by the Banny; the outfitted Banny is transferred to recipient.
"0x679d87D8640e66778c3419D164998E720D7495f6 receives an Original Banny on Work Station background wearing Astronaut Head, Astronaut Boots, Astronaut Suit, and Constitution.",Ethereum,1,3,AirdropV4BannysEthereum3,128,32,worn_outfit,Suit,8,Astronaut Suit,20,20000000001,20000000001,0x679d87D8640e66778c3419D164998E720D7495f6,0xa5F8911d4CFd60a6697479f078409434424fe666,4000000010,4000000010,Original,0x679d87D8640e66778c3419D164998E720D7495f6,Outfit is worn by the Banny; the outfitted Banny is transferred to recipient.
"0x5706d5aD7A68bf8692bD341234bE44ca7Bf2f654 receives an Original Banny wearing Astronaut Head, Flops, Jonny Utah Shirt, and Cheap Beer.",Ethereum,1,3,AirdropV4BannysEthereum3,129,33,worn_outfit,Suit top,10,Jonny Utah Shirt,25,25000000002,25000000004,0x5706d5aD7A68bf8692bD341234bE44ca7Bf2f654,0xa5F8911d4CFd60a6697479f078409434424fe666,4000000009,4000000009,Original,0x5706d5aD7A68bf8692bD341234bE44ca7Bf2f654,Outfit is worn by the Banny; the outfitted Banny is transferred to recipient.
"0xa7226e53F3100C093A0a5BCb6E3D0976EB3db1D6 receives an Original Banny wearing Astronaut Head, Flops, Jonny Utah Shirt, and Dagger.",Ethereum,1,3,AirdropV4BannysEthereum3,130,34,worn_outfit,Suit top,10,Jonny Utah Shirt,25,25000000003,25000000005,0xa7226e53F3100C093A0a5BCb6E3D0976EB3db1D6,0xa5F8911d4CFd60a6697479f078409434424fe666,4000000014,4000000014,Original,0xa7226e53F3100C093A0a5BCb6E3D0976EB3db1D6,Outfit is worn by the Banny; the outfitted Banny is transferred to recipient.
0x76A6D08b82034b397E7e09dAe4377C18F132BbB8 receives an Original Banny wearing Proff Glasses and Doc Coat.,Ethereum,1,3,AirdropV4BannysEthereum3,131,35,worn_outfit,Suit top,10,Doc Coat,26,26000000002,26000000004,0x76A6D08b82034b397E7e09dAe4377C18F132BbB8,0xa5F8911d4CFd60a6697479f078409434424fe666,4000000015,4000000015,Original,0x76A6D08b82034b397E7e09dAe4377C18F132BbB8,Outfit is worn by the Banny; the outfitted Banny is transferred to recipient.
0x25171bD3cD3231c3057c96F38E32E3bA6681497a receives an Original Banny wearing Zucco Tshirt.,Ethereum,1,3,AirdropV4BannysEthereum3,132,36,worn_outfit,Suit top,10,Zucco Tshirt,31,31000000002,31000000003,0x25171bD3cD3231c3057c96F38E32E3bA6681497a,0xa5F8911d4CFd60a6697479f078409434424fe666,4000000013,4000000013,Original,0x25171bD3cD3231c3057c96F38E32E3bA6681497a,Outfit is worn by the Banny; the outfitted Banny is transferred to recipient.
0x7bE8c264c9DCebA3A35990c78d5C4220D8724B6e receives an Original Banny wearing Zucco Tshirt.,Ethereum,1,3,AirdropV4BannysEthereum3,133,37,worn_outfit,Suit top,10,Zucco Tshirt,31,31000000007,31000000004,0x7bE8c264c9DCebA3A35990c78d5C4220D8724B6e,0xa5F8911d4CFd60a6697479f078409434424fe666,4000000023,4000000023,Original,0x7bE8c264c9DCebA3A35990c78d5C4220D8724B6e,Outfit is worn by the Banny; the outfitted Banny is transferred to recipient.
"0x77fb4fa1ABA92576942aD34BC47834059b84e693 receives an Original Banny wearing Flops, Farmer Hat, and Chefs Knife.",Ethereum,1,3,AirdropV4BannysEthereum3,134,38,worn_outfit,Head top,11,Farmer Hat,35,35000000003,35000000005,0x77fb4fa1ABA92576942aD34BC47834059b84e693,0xa5F8911d4CFd60a6697479f078409434424fe666,4000000019,4000000019,Original,0x77fb4fa1ABA92576942aD34BC47834059b84e693,Outfit is worn by the Banny; the outfitted Banny is transferred to recipient.
"0x77fb4fa1ABA92576942aD34BC47834059b84e693 receives an Original Banny wearing Flops, Farmer Hat, and Chefs Knife.",Ethereum,1,3,AirdropV4BannysEthereum3,135,39,worn_outfit,Fist,12,Chefs Knife,42,42000000002,42000000002,0x77fb4fa1ABA92576942aD34BC47834059b84e693,0xa5F8911d4CFd60a6697479f078409434424fe666,4000000019,4000000019,Original,0x77fb4fa1ABA92576942aD34BC47834059b84e693,Outfit is worn by the Banny; the outfitted Banny is transferred to recipient.
"0x5706d5aD7A68bf8692bD341234bE44ca7Bf2f654 receives an Original Banny wearing Astronaut Head, Flops, Jonny Utah Shirt, and Cheap Beer.",Ethereum,1,3,AirdropV4BannysEthereum3,136,40,worn_outfit,Fist,12,Cheap Beer,43,43000000003,43000000004,0x5706d5aD7A68bf8692bD341234bE44ca7Bf2f654,0xa5F8911d4CFd60a6697479f078409434424fe666,4000000009,4000000009,Original,0x5706d5aD7A68bf8692bD341234bE44ca7Bf2f654,Outfit is worn by the Banny; the outfitted Banny is transferred to recipient.
"0x679d87D8640e66778c3419D164998E720D7495f6 receives an Original Banny on Work Station background wearing Astronaut Head, Astronaut Boots, Astronaut Suit, and Constitution.",Ethereum,1,3,AirdropV4BannysEthereum3,137,41,worn_outfit,Fist,12,Constitution,44,44000000001,44000000003,0x679d87D8640e66778c3419D164998E720D7495f6,0xa5F8911d4CFd60a6697479f078409434424fe666,4000000010,4000000010,Original,0x679d87D8640e66778c3419D164998E720D7495f6,Outfit is worn by the Banny; the outfitted Banny is transferred to recipient.
"0xa7226e53F3100C093A0a5BCb6E3D0976EB3db1D6 receives an Original Banny wearing Astronaut Head, Flops, Jonny Utah Shirt, and Dagger.",Ethereum,1,3,AirdropV4BannysEthereum3,138,42,worn_outfit,Fist,12,Dagger,49,49000000001,49000000002,0xa7226e53F3100C093A0a5BCb6E3D0976EB3db1D6,0xa5F8911d4CFd60a6697479f078409434424fe666,4000000014,4000000014,Original,0xa7226e53F3100C093A0a5BCb6E3D0976EB3db1D6,Outfit is worn by the Banny; the outfitted Banny is transferred to recipient.
0x7bE8c264c9DCebA3A35990c78d5C4220D8724B6e receives an Original Banny with no outfit.,Ethereum,1,4,AirdropV4BannysEthereum4,139,1,banny_body,Banny body,0,Original,4,4000000028,4000000028,0x7bE8c264c9DCebA3A35990c78d5C4220D8724B6e,0x7bE8c264c9DCebA3A35990c78d5C4220D8724B6e,4000000028,4000000028,Original,0x7bE8c264c9DCebA3A35990c78d5C4220D8724B6e,Body transferred naked.
0x7bE8c264c9DCebA3A35990c78d5C4220D8724B6e receives an Original Banny with no outfit.,Ethereum,1,4,AirdropV4BannysEthereum4,140,2,banny_body,Banny body,0,Original,4,4000000029,4000000029,0x7bE8c264c9DCebA3A35990c78d5C4220D8724B6e,0x7bE8c264c9DCebA3A35990c78d5C4220D8724B6e,4000000029,4000000029,Original,0x7bE8c264c9DCebA3A35990c78d5C4220D8724B6e,Body transferred naked.
0x7bE8c264c9DCebA3A35990c78d5C4220D8724B6e receives an Original Banny with no outfit.,Ethereum,1,4,AirdropV4BannysEthereum4,141,3,banny_body,Banny body,0,Original,4,4000000030,4000000030,0x7bE8c264c9DCebA3A35990c78d5C4220D8724B6e,0x7bE8c264c9DCebA3A35990c78d5C4220D8724B6e,4000000030,4000000030,Original,0x7bE8c264c9DCebA3A35990c78d5C4220D8724B6e,Body transferred naked.
0x7bE8c264c9DCebA3A35990c78d5C4220D8724B6e receives an Original Banny with no outfit.,Ethereum,1,4,AirdropV4BannysEthereum4,142,4,banny_body,Banny body,0,Original,4,4000000031,4000000031,0x7bE8c264c9DCebA3A35990c78d5C4220D8724B6e,0x7bE8c264c9DCebA3A35990c78d5C4220D8724B6e,4000000031,4000000031,Original,0x7bE8c264c9DCebA3A35990c78d5C4220D8724B6e,Body transferred naked.
0x7bE8c264c9DCebA3A35990c78d5C4220D8724B6e receives an Original Banny with no outfit.,Ethereum,1,4,AirdropV4BannysEthereum4,143,5,banny_body,Banny body,0,Original,4,4000000032,4000000032,0x7bE8c264c9DCebA3A35990c78d5C4220D8724B6e,0x7bE8c264c9DCebA3A35990c78d5C4220D8724B6e,4000000032,4000000032,Original,0x7bE8c264c9DCebA3A35990c78d5C4220D8724B6e,Body transferred naked.
0x5A00e8683f37e8B08C744054a0EF606a18b1aEF7 receives an Original Banny wearing Flops and Cheap Beer.,Ethereum,1,4,AirdropV4BannysEthereum4,144,6,outfitted_banny_body,Banny body,0,Original,4,4000000033,4000000033,0x5A00e8683f37e8B08C744054a0EF606a18b1aEF7,0x5A00e8683f37e8B08C744054a0EF606a18b1aEF7,4000000033,4000000033,Original,0x5A00e8683f37e8B08C744054a0EF606a18b1aEF7,Body transferred after dressing.
0x59E98040E53d7dC1900B4daf36D9Fbbd4a8f1dA2 receives an Original Banny with no outfit.,Ethereum,1,4,AirdropV4BannysEthereum4,145,7,banny_body,Banny body,0,Original,4,4000000034,4000000034,0x59E98040E53d7dC1900B4daf36D9Fbbd4a8f1dA2,0x59E98040E53d7dC1900B4daf36D9Fbbd4a8f1dA2,4000000034,4000000034,Original,0x59E98040E53d7dC1900B4daf36D9Fbbd4a8f1dA2,Body transferred naked.
0x59E98040E53d7dC1900B4daf36D9Fbbd4a8f1dA2 receives an Original Banny with no outfit.,Ethereum,1,4,AirdropV4BannysEthereum4,146,8,banny_body,Banny body,0,Original,4,4000000035,4000000035,0x59E98040E53d7dC1900B4daf36D9Fbbd4a8f1dA2,0x59E98040E53d7dC1900B4daf36D9Fbbd4a8f1dA2,4000000035,4000000035,Original,0x59E98040E53d7dC1900B4daf36D9Fbbd4a8f1dA2,Body transferred naked.
0x59E98040E53d7dC1900B4daf36D9Fbbd4a8f1dA2 receives an Original Banny with no outfit.,Ethereum,1,4,AirdropV4BannysEthereum4,147,9,banny_body,Banny body,0,Original,4,4000000036,4000000036,0x59E98040E53d7dC1900B4daf36D9Fbbd4a8f1dA2,0x59E98040E53d7dC1900B4daf36D9Fbbd4a8f1dA2,4000000036,4000000036,Original,0x59E98040E53d7dC1900B4daf36D9Fbbd4a8f1dA2,Body transferred naked.
0x46f3cC6a1c00A5cD8864d2B92f128196CAE07D15 receives an Original Banny with no outfit.,Ethereum,1,4,AirdropV4BannysEthereum4,148,10,banny_body,Banny body,0,Original,4,4000000037,4000000037,0x46f3cC6a1c00A5cD8864d2B92f128196CAE07D15,0x46f3cC6a1c00A5cD8864d2B92f128196CAE07D15,4000000037,4000000037,Original,0x46f3cC6a1c00A5cD8864d2B92f128196CAE07D15,Body transferred naked.
0x08cF1208e638a5A3623be58d600e35c6199baa9C receives an Original Banny with no outfit.,Ethereum,1,4,AirdropV4BannysEthereum4,149,11,banny_body,Banny body,0,Original,4,4000000038,4000000038,0x08cF1208e638a5A3623be58d600e35c6199baa9C,0x08cF1208e638a5A3623be58d600e35c6199baa9C,4000000038,4000000038,Original,0x08cF1208e638a5A3623be58d600e35c6199baa9C,Body transferred naked.
"0x381CC779761212344f8400373a994d29E17522c6 receives an Original Banny wearing Cyberpunk Glasses, Flops, Jonny Utah Shirt, and Chefs Knife.",Ethereum,1,4,AirdropV4BannysEthereum4,150,12,outfitted_banny_body,Banny body,0,Original,4,4000000039,4000000039,0x381CC779761212344f8400373a994d29E17522c6,0x381CC779761212344f8400373a994d29E17522c6,4000000039,4000000039,Original,0x381CC779761212344f8400373a994d29E17522c6,Body transferred after dressing.
0x849151d7D0bF1F34b70d5caD5149D28CC2308bf1 receives an Original Banny wearing Jonny Utah Shirt.,Ethereum,1,4,AirdropV4BannysEthereum4,151,13,outfitted_banny_body,Banny body,0,Original,4,4000000040,4000000040,0x849151d7D0bF1F34b70d5caD5149D28CC2308bf1,0x849151d7D0bF1F34b70d5caD5149D28CC2308bf1,4000000040,4000000040,Original,0x849151d7D0bF1F34b70d5caD5149D28CC2308bf1,Body transferred after dressing.
"0x823b92d6a4b2AED4b15675c7917c9f922ea8ADAD receives an Original Banny wearing Gap Teeth, Dorthy Shoes, Zucco Tshirt, Club Beanie, and Potion.",Ethereum,1,4,AirdropV4BannysEthereum4,152,14,outfitted_banny_body,Banny body,0,Original,4,4000000041,4000000041,0x823b92d6a4b2AED4b15675c7917c9f922ea8ADAD,0x823b92d6a4b2AED4b15675c7917c9f922ea8ADAD,4000000041,4000000041,Original,0x823b92d6a4b2AED4b15675c7917c9f922ea8ADAD,Body transferred after dressing.
0x63A2368F4B509438ca90186cb1C15156713D5834 receives an Original Banny with no outfit.,Ethereum,1,4,AirdropV4BannysEthereum4,153,15,banny_body,Banny body,0,Original,4,4000000042,4000000042,0x63A2368F4B509438ca90186cb1C15156713D5834,0x63A2368F4B509438ca90186cb1C15156713D5834,4000000042,4000000042,Original,0x63A2368F4B509438ca90186cb1C15156713D5834,Body transferred naked.
0x95E9A0c113AA9931a4230f91AdE08A491D3f8d54 receives an Original Banny wearing Ice Cube and Potion.,Ethereum,1,4,AirdropV4BannysEthereum4,154,16,outfitted_banny_body,Banny body,0,Original,4,4000000043,4000000043,0x95E9A0c113AA9931a4230f91AdE08A491D3f8d54,0x95E9A0c113AA9931a4230f91AdE08A491D3f8d54,4000000043,4000000043,Original,0x95E9A0c113AA9931a4230f91AdE08A491D3f8d54,Body transferred after dressing.
0x95E9A0c113AA9931a4230f91AdE08A491D3f8d54 receives an Original Banny wearing Geisha Gown and Catana.,Ethereum,1,4,AirdropV4BannysEthereum4,155,17,outfitted_banny_body,Banny body,0,Original,4,4000000044,4000000044,0x95E9A0c113AA9931a4230f91AdE08A491D3f8d54,0x95E9A0c113AA9931a4230f91AdE08A491D3f8d54,4000000044,4000000044,Original,0x95E9A0c113AA9931a4230f91AdE08A491D3f8d54,Body transferred after dressing.
0x95E9A0c113AA9931a4230f91AdE08A491D3f8d54 receives an Original Banny wearing Geisha Gown and Catana.,Ethereum,1,4,AirdropV4BannysEthereum4,156,18,outfitted_banny_body,Banny body,0,Original,4,4000000045,4000000045,0x95E9A0c113AA9931a4230f91AdE08A491D3f8d54,0x95E9A0c113AA9931a4230f91AdE08A491D3f8d54,4000000045,4000000045,Original,0x95E9A0c113AA9931a4230f91AdE08A491D3f8d54,Body transferred after dressing.
0x95E9A0c113AA9931a4230f91AdE08A491D3f8d54 receives an Original Banny wearing Geisha Gown and Catana.,Ethereum,1,4,AirdropV4BannysEthereum4,157,19,outfitted_banny_body,Banny body,0,Original,4,4000000046,4000000046,0x95E9A0c113AA9931a4230f91AdE08A491D3f8d54,0x95E9A0c113AA9931a4230f91AdE08A491D3f8d54,4000000046,4000000046,Original,0x95E9A0c113AA9931a4230f91AdE08A491D3f8d54,Body transferred after dressing.
0x95E9A0c113AA9931a4230f91AdE08A491D3f8d54 receives an Original Banny wearing Geisha Gown and Catana.,Ethereum,1,4,AirdropV4BannysEthereum4,158,20,outfitted_banny_body,Banny body,0,Original,4,4000000047,4000000047,0x95E9A0c113AA9931a4230f91AdE08A491D3f8d54,0x95E9A0c113AA9931a4230f91AdE08A491D3f8d54,4000000047,4000000047,Original,0x95E9A0c113AA9931a4230f91AdE08A491D3f8d54,Body transferred after dressing.
"0x381CC779761212344f8400373a994d29E17522c6 receives an Original Banny wearing Cyberpunk Glasses, Flops, Jonny Utah Shirt, and Chefs Knife.",Ethereum,1,4,AirdropV4BannysEthereum4,159,21,worn_outfit,Glasses,5,Cyberpunk Glasses,13,13000000001,13000000001,0x381CC779761212344f8400373a994d29E17522c6,0xa5F8911d4CFd60a6697479f078409434424fe666,4000000039,4000000039,Original,0x381CC779761212344f8400373a994d29E17522c6,Outfit is worn by the Banny; the outfitted Banny is transferred to recipient.
"0x823b92d6a4b2AED4b15675c7917c9f922ea8ADAD receives an Original Banny wearing Gap Teeth, Dorthy Shoes, Zucco Tshirt, Club Beanie, and Potion.",Ethereum,1,4,AirdropV4BannysEthereum4,160,22,worn_outfit,Mouth,6,Gap Teeth,16,16000000001,16000000001,0x823b92d6a4b2AED4b15675c7917c9f922ea8ADAD,0xa5F8911d4CFd60a6697479f078409434424fe666,4000000041,4000000041,Original,0x823b92d6a4b2AED4b15675c7917c9f922ea8ADAD,Outfit is worn by the Banny; the outfitted Banny is transferred to recipient.
"0x823b92d6a4b2AED4b15675c7917c9f922ea8ADAD receives an Original Banny wearing Gap Teeth, Dorthy Shoes, Zucco Tshirt, Club Beanie, and Potion.",Ethereum,1,4,AirdropV4BannysEthereum4,161,23,worn_outfit,Legs,7,Dorthy Shoes,17,17000000002,17000000002,0x823b92d6a4b2AED4b15675c7917c9f922ea8ADAD,0xa5F8911d4CFd60a6697479f078409434424fe666,4000000041,4000000041,Original,0x823b92d6a4b2AED4b15675c7917c9f922ea8ADAD,Outfit is worn by the Banny; the outfitted Banny is transferred to recipient.
0x5A00e8683f37e8B08C744054a0EF606a18b1aEF7 receives an Original Banny wearing Flops and Cheap Beer.,Ethereum,1,4,AirdropV4BannysEthereum4,162,24,worn_outfit,Legs,7,Flops,19,19000000009,19000000008,0x5A00e8683f37e8B08C744054a0EF606a18b1aEF7,0xa5F8911d4CFd60a6697479f078409434424fe666,4000000033,4000000033,Original,0x5A00e8683f37e8B08C744054a0EF606a18b1aEF7,Outfit is worn by the Banny; the outfitted Banny is transferred to recipient.
"0x381CC779761212344f8400373a994d29E17522c6 receives an Original Banny wearing Cyberpunk Glasses, Flops, Jonny Utah Shirt, and Chefs Knife.",Ethereum,1,4,AirdropV4BannysEthereum4,163,25,worn_outfit,Legs,7,Flops,19,19000000011,19000000009,0x381CC779761212344f8400373a994d29E17522c6,0xa5F8911d4CFd60a6697479f078409434424fe666,4000000039,4000000039,Original,0x381CC779761212344f8400373a994d29E17522c6,Outfit is worn by the Banny; the outfitted Banny is transferred to recipient.
0x95E9A0c113AA9931a4230f91AdE08A491D3f8d54 receives an Original Banny wearing Geisha Gown and Catana.,Ethereum,1,4,AirdropV4BannysEthereum4,164,26,worn_outfit,Suit,8,Geisha Gown,23,23000000002,23000000002,0x95E9A0c113AA9931a4230f91AdE08A491D3f8d54,0xa5F8911d4CFd60a6697479f078409434424fe666,4000000044,4000000044,Original,0x95E9A0c113AA9931a4230f91AdE08A491D3f8d54,Outfit is worn by the Banny; the outfitted Banny is transferred to recipient.
0x95E9A0c113AA9931a4230f91AdE08A491D3f8d54 receives an Original Banny wearing Geisha Gown and Catana.,Ethereum,1,4,AirdropV4BannysEthereum4,165,27,worn_outfit,Suit,8,Geisha Gown,23,23000000003,23000000003,0x95E9A0c113AA9931a4230f91AdE08A491D3f8d54,0xa5F8911d4CFd60a6697479f078409434424fe666,4000000047,4000000047,Original,0x95E9A0c113AA9931a4230f91AdE08A491D3f8d54,Outfit is worn by the Banny; the outfitted Banny is transferred to recipient.
0x95E9A0c113AA9931a4230f91AdE08A491D3f8d54 receives an Original Banny wearing Geisha Gown and Catana.,Ethereum,1,4,AirdropV4BannysEthereum4,166,28,worn_outfit,Suit,8,Geisha Gown,23,23000000004,23000000004,0x95E9A0c113AA9931a4230f91AdE08A491D3f8d54,0xa5F8911d4CFd60a6697479f078409434424fe666,4000000045,4000000045,Original,0x95E9A0c113AA9931a4230f91AdE08A491D3f8d54,Outfit is worn by the Banny; the outfitted Banny is transferred to recipient.
0x95E9A0c113AA9931a4230f91AdE08A491D3f8d54 receives an Original Banny wearing Geisha Gown and Catana.,Ethereum,1,4,AirdropV4BannysEthereum4,167,29,worn_outfit,Suit,8,Geisha Gown,23,23000000005,23000000005,0x95E9A0c113AA9931a4230f91AdE08A491D3f8d54,0xa5F8911d4CFd60a6697479f078409434424fe666,4000000046,4000000046,Original,0x95E9A0c113AA9931a4230f91AdE08A491D3f8d54,Outfit is worn by the Banny; the outfitted Banny is transferred to recipient.
"0x381CC779761212344f8400373a994d29E17522c6 receives an Original Banny wearing Cyberpunk Glasses, Flops, Jonny Utah Shirt, and Chefs Knife.",Ethereum,1,4,AirdropV4BannysEthereum4,168,30,worn_outfit,Suit top,10,Jonny Utah Shirt,25,25000000006,25000000006,0x381CC779761212344f8400373a994d29E17522c6,0xa5F8911d4CFd60a6697479f078409434424fe666,4000000039,4000000039,Original,0x381CC779761212344f8400373a994d29E17522c6,Outfit is worn by the Banny; the outfitted Banny is transferred to recipient.
0x849151d7D0bF1F34b70d5caD5149D28CC2308bf1 receives an Original Banny wearing Jonny Utah Shirt.,Ethereum,1,4,AirdropV4BannysEthereum4,169,31,worn_outfit,Suit top,10,Jonny Utah Shirt,25,25000000007,25000000007,0x849151d7D0bF1F34b70d5caD5149D28CC2308bf1,0xa5F8911d4CFd60a6697479f078409434424fe666,4000000040,4000000040,Original,0x849151d7D0bF1F34b70d5caD5149D28CC2308bf1,Outfit is worn by the Banny; the outfitted Banny is transferred to recipient.
"0x823b92d6a4b2AED4b15675c7917c9f922ea8ADAD receives an Original Banny wearing Gap Teeth, Dorthy Shoes, Zucco Tshirt, Club Beanie, and Potion.",Ethereum,1,4,AirdropV4BannysEthereum4,170,32,worn_outfit,Suit top,10,Zucco Tshirt,31,31000000009,31000000005,0x823b92d6a4b2AED4b15675c7917c9f922ea8ADAD,0xa5F8911d4CFd60a6697479f078409434424fe666,4000000041,4000000041,Original,0x823b92d6a4b2AED4b15675c7917c9f922ea8ADAD,Outfit is worn by the Banny; the outfitted Banny is transferred to recipient.
0x95E9A0c113AA9931a4230f91AdE08A491D3f8d54 receives an Original Banny wearing Ice Cube and Potion.,Ethereum,1,4,AirdropV4BannysEthereum4,171,33,worn_outfit,Suit top,10,Ice Cube,32,32000000003,32000000003,0x95E9A0c113AA9931a4230f91AdE08A491D3f8d54,0xa5F8911d4CFd60a6697479f078409434424fe666,4000000043,4000000043,Original,0x95E9A0c113AA9931a4230f91AdE08A491D3f8d54,Outfit is worn by the Banny; the outfitted Banny is transferred to recipient.
"0x823b92d6a4b2AED4b15675c7917c9f922ea8ADAD receives an Original Banny wearing Gap Teeth, Dorthy Shoes, Zucco Tshirt, Club Beanie, and Potion.",Ethereum,1,4,AirdropV4BannysEthereum4,172,34,worn_outfit,Head top,11,Club Beanie,33,33000000001,33000000001,0x823b92d6a4b2AED4b15675c7917c9f922ea8ADAD,0xa5F8911d4CFd60a6697479f078409434424fe666,4000000041,4000000041,Original,0x823b92d6a4b2AED4b15675c7917c9f922ea8ADAD,Outfit is worn by the Banny; the outfitted Banny is transferred to recipient.
0x95E9A0c113AA9931a4230f91AdE08A491D3f8d54 receives an Original Banny wearing Geisha Gown and Catana.,Ethereum,1,4,AirdropV4BannysEthereum4,173,35,worn_outfit,Fist,12,Catana,41,41000000001,41000000001,0x95E9A0c113AA9931a4230f91AdE08A491D3f8d54,0xa5F8911d4CFd60a6697479f078409434424fe666,4000000044,4000000044,Original,0x95E9A0c113AA9931a4230f91AdE08A491D3f8d54,Outfit is worn by the Banny; the outfitted Banny is transferred to recipient.
0x95E9A0c113AA9931a4230f91AdE08A491D3f8d54 receives an Original Banny wearing Geisha Gown and Catana.,Ethereum,1,4,AirdropV4BannysEthereum4,174,36,worn_outfit,Fist,12,Catana,41,41000000002,41000000002,0x95E9A0c113AA9931a4230f91AdE08A491D3f8d54,0xa5F8911d4CFd60a6697479f078409434424fe666,4000000047,4000000047,Original,0x95E9A0c113AA9931a4230f91AdE08A491D3f8d54,Outfit is worn by the Banny; the outfitted Banny is transferred to recipient.
0x95E9A0c113AA9931a4230f91AdE08A491D3f8d54 receives an Original Banny wearing Geisha Gown and Catana.,Ethereum,1,4,AirdropV4BannysEthereum4,175,37,worn_outfit,Fist,12,Catana,41,41000000003,41000000003,0x95E9A0c113AA9931a4230f91AdE08A491D3f8d54,0xa5F8911d4CFd60a6697479f078409434424fe666,4000000045,4000000045,Original,0x95E9A0c113AA9931a4230f91AdE08A491D3f8d54,Outfit is worn by the Banny; the outfitted Banny is transferred to recipient.
0x95E9A0c113AA9931a4230f91AdE08A491D3f8d54 receives an Original Banny wearing Geisha Gown and Catana.,Ethereum,1,4,AirdropV4BannysEthereum4,176,38,worn_outfit,Fist,12,Catana,41,41000000004,41000000004,0x95E9A0c113AA9931a4230f91AdE08A491D3f8d54,0xa5F8911d4CFd60a6697479f078409434424fe666,4000000046,4000000046,Original,0x95E9A0c113AA9931a4230f91AdE08A491D3f8d54,Outfit is worn by the Banny; the outfitted Banny is transferred to recipient.
"0x381CC779761212344f8400373a994d29E17522c6 receives an Original Banny wearing Cyberpunk Glasses, Flops, Jonny Utah Shirt, and Chefs Knife.",Ethereum,1,4,AirdropV4BannysEthereum4,177,39,worn_outfit,Fist,12,Chefs Knife,42,42000000004,42000000003,0x381CC779761212344f8400373a994d29E17522c6,0xa5F8911d4CFd60a6697479f078409434424fe666,4000000039,4000000039,Original,0x381CC779761212344f8400373a994d29E17522c6,Outfit is worn by the Banny; the outfitted Banny is transferred to recipient.
0x5A00e8683f37e8B08C744054a0EF606a18b1aEF7 receives an Original Banny wearing Flops and Cheap Beer.,Ethereum,1,4,AirdropV4BannysEthereum4,178,40,worn_outfit,Fist,12,Cheap Beer,43,43000000008,43000000005,0x5A00e8683f37e8B08C744054a0EF606a18b1aEF7,0xa5F8911d4CFd60a6697479f078409434424fe666,4000000033,4000000033,Original,0x5A00e8683f37e8B08C744054a0EF606a18b1aEF7,Outfit is worn by the Banny; the outfitted Banny is transferred to recipient.
"0x823b92d6a4b2AED4b15675c7917c9f922ea8ADAD receives an Original Banny wearing Gap Teeth, Dorthy Shoes, Zucco Tshirt, Club Beanie, and Potion.",Ethereum,1,4,AirdropV4BannysEthereum4,179,41,worn_outfit,Fist,12,Potion,48,48000000002,48000000003,0x823b92d6a4b2AED4b15675c7917c9f922ea8ADAD,0xa5F8911d4CFd60a6697479f078409434424fe666,4000000041,4000000041,Original,0x823b92d6a4b2AED4b15675c7917c9f922ea8ADAD,Outfit is worn by the Banny; the outfitted Banny is transferred to recipient.
0x95E9A0c113AA9931a4230f91AdE08A491D3f8d54 receives an Original Banny wearing Ice Cube and Potion.,Ethereum,1,4,AirdropV4BannysEthereum4,180,42,worn_outfit,Fist,12,Potion,48,48000000003,48000000004,0x95E9A0c113AA9931a4230f91AdE08A491D3f8d54,0xa5F8911d4CFd60a6697479f078409434424fe666,4000000043,4000000043,Original,0x95E9A0c113AA9931a4230f91AdE08A491D3f8d54,Outfit is worn by the Banny; the outfitted Banny is transferred to recipient.
"0xf32dd1Bd55bD14d929218499a2E7D106F72f79c7 receives an Original Banny wearing Flops, Zucco Tshirt, Farmer Hat, and Lightsaber.",Ethereum,1,5,AirdropV4BannysEthereum5,181,1,outfitted_banny_body,Banny body,0,Original,4,4000000048,4000000048,0xf32dd1Bd55bD14d929218499a2E7D106F72f79c7,0xf32dd1Bd55bD14d929218499a2E7D106F72f79c7,4000000048,4000000048,Original,0xf32dd1Bd55bD14d929218499a2E7D106F72f79c7,Body transferred after dressing.
0xaECD6D9172d602b93dBA3981991268b44af8096e receives an Original Banny with no outfit.,Ethereum,1,5,AirdropV4BannysEthereum5,182,2,banny_body,Banny body,0,Original,4,4000000049,4000000049,0xaECD6D9172d602b93dBA3981991268b44af8096e,0xaECD6D9172d602b93dBA3981991268b44af8096e,4000000049,4000000049,Original,0xaECD6D9172d602b93dBA3981991268b44af8096e,Body transferred naked.
0xe21A272c4D22eD40678a0168b4acd006bca8A482 receives an Original Banny with no outfit.,Ethereum,1,5,AirdropV4BannysEthereum5,183,3,banny_body,Banny body,0,Original,4,4000000050,4000000050,0xe21A272c4D22eD40678a0168b4acd006bca8A482,0xe21A272c4D22eD40678a0168b4acd006bca8A482,4000000050,4000000050,Original,0xe21A272c4D22eD40678a0168b4acd006bca8A482,Body transferred naked.
0xe21A272c4D22eD40678a0168b4acd006bca8A482 receives an Original Banny with no outfit.,Ethereum,1,5,AirdropV4BannysEthereum5,184,4,banny_body,Banny body,0,Original,4,4000000051,4000000051,0xe21A272c4D22eD40678a0168b4acd006bca8A482,0xe21A272c4D22eD40678a0168b4acd006bca8A482,4000000051,4000000051,Original,0xe21A272c4D22eD40678a0168b4acd006bca8A482,Body transferred naked.
"0x80581C6e88Ce00095F85cdf24bB760f16d6eC0D6 receives an Original Banny on Work Station background wearing Astronaut Head, Astronaut Boots, and Astronaut Suit.",Ethereum,1,5,AirdropV4BannysEthereum5,185,5,outfitted_banny_body,Banny body,0,Original,4,4000000052,4000000052,0x80581C6e88Ce00095F85cdf24bB760f16d6eC0D6,0x80581C6e88Ce00095F85cdf24bB760f16d6eC0D6,4000000052,4000000052,Original,0x80581C6e88Ce00095F85cdf24bB760f16d6eC0D6,Body transferred after dressing.
0x4A8a9147ab0DF5A8949f964bDBA22dc4583280E2 receives an Original Banny with no outfit.,Ethereum,1,5,AirdropV4BannysEthereum5,186,6,banny_body,Banny body,0,Original,4,4000000053,4000000053,0x4A8a9147ab0DF5A8949f964bDBA22dc4583280E2,0x4A8a9147ab0DF5A8949f964bDBA22dc4583280E2,4000000053,4000000053,Original,0x4A8a9147ab0DF5A8949f964bDBA22dc4583280E2,Body transferred naked.
"0x30670D81E487c80b9EDc54370e6EaF943B6EAB39 receives an Original Banny on Hay Field background wearing Proff Glasses, Doc Coat, and Constitution.",Ethereum,1,5,AirdropV4BannysEthereum5,187,7,outfitted_banny_body,Banny body,0,Original,4,4000000054,4000000054,0x30670D81E487c80b9EDc54370e6EaF943B6EAB39,0x30670D81E487c80b9EDc54370e6EaF943B6EAB39,4000000054,4000000054,Original,0x30670D81E487c80b9EDc54370e6EaF943B6EAB39,Body transferred after dressing.
"0x60535A6605958fFf6cEC5B1e92892601EFb3473b receives an Original Banny wearing Flops, Peach Hair, and Constitution.",Ethereum,1,5,AirdropV4BannysEthereum5,188,8,outfitted_banny_body,Banny body,0,Original,4,4000000055,4000000055,0x60535A6605958fFf6cEC5B1e92892601EFb3473b,0x60535A6605958fFf6cEC5B1e92892601EFb3473b,4000000055,4000000055,Original,0x60535A6605958fFf6cEC5B1e92892601EFb3473b,Body transferred after dressing.
"0x34724D71cE674FcD4d06e60Dd1BaA88c14D36b75 receives an Original Banny wearing Proff Glasses, Geisha Gown, Proff Hair, and Dagger.",Ethereum,1,5,AirdropV4BannysEthereum5,189,9,outfitted_banny_body,Banny body,0,Original,4,4000000056,4000000056,0x34724D71cE674FcD4d06e60Dd1BaA88c14D36b75,0x34724D71cE674FcD4d06e60Dd1BaA88c14D36b75,4000000056,4000000056,Original,0x34724D71cE674FcD4d06e60Dd1BaA88c14D36b75,Body transferred after dressing.
"0xA99c384f43e72B65BB51fE33b85CE12A32C09526 receives an Original Banny wearing Flops, Irie Shirt, and Natty Dred.",Ethereum,1,5,AirdropV4BannysEthereum5,190,10,outfitted_banny_body,Banny body,0,Original,4,4000000057,4000000057,0xA99c384f43e72B65BB51fE33b85CE12A32C09526,0xA99c384f43e72B65BB51fE33b85CE12A32C09526,4000000057,4000000057,Original,0xA99c384f43e72B65BB51fE33b85CE12A32C09526,Body transferred after dressing.
0x898e24EBC9dAf5a9930f10def8B6a373F859C101 receives an Original Banny with no outfit.,Ethereum,1,5,AirdropV4BannysEthereum5,191,11,banny_body,Banny body,0,Original,4,4000000058,4000000058,0x898e24EBC9dAf5a9930f10def8B6a373F859C101,0x898e24EBC9dAf5a9930f10def8B6a373F859C101,4000000058,4000000058,Original,0x898e24EBC9dAf5a9930f10def8B6a373F859C101,Body transferred naked.
0x898e24EBC9dAf5a9930f10def8B6a373F859C101 receives an Original Banny with no outfit.,Ethereum,1,5,AirdropV4BannysEthereum5,192,12,banny_body,Banny body,0,Original,4,4000000059,4000000059,0x898e24EBC9dAf5a9930f10def8B6a373F859C101,0x898e24EBC9dAf5a9930f10def8B6a373F859C101,4000000059,4000000059,Original,0x898e24EBC9dAf5a9930f10def8B6a373F859C101,Body transferred naked.
0x823b92d6a4b2AED4b15675c7917c9f922ea8ADAD receives an Original Banny wearing Cyberpunk Glasses and Potion.,Ethereum,1,5,AirdropV4BannysEthereum5,193,13,outfitted_banny_body,Banny body,0,Original,4,4000000060,4000000060,0x823b92d6a4b2AED4b15675c7917c9f922ea8ADAD,0x823b92d6a4b2AED4b15675c7917c9f922ea8ADAD,4000000060,4000000060,Original,0x823b92d6a4b2AED4b15675c7917c9f922ea8ADAD,Body transferred after dressing.
0x823b92d6a4b2AED4b15675c7917c9f922ea8ADAD receives an Original Banny with no outfit.,Ethereum,1,5,AirdropV4BannysEthereum5,194,14,banny_body,Banny body,0,Original,4,4000000061,4000000061,0x823b92d6a4b2AED4b15675c7917c9f922ea8ADAD,0x823b92d6a4b2AED4b15675c7917c9f922ea8ADAD,4000000061,4000000061,Original,0x823b92d6a4b2AED4b15675c7917c9f922ea8ADAD,Body transferred naked.
0x823b92d6a4b2AED4b15675c7917c9f922ea8ADAD receives an Original Banny with no outfit.,Ethereum,1,5,AirdropV4BannysEthereum5,195,15,banny_body,Banny body,0,Original,4,4000000062,4000000062,0x823b92d6a4b2AED4b15675c7917c9f922ea8ADAD,0x823b92d6a4b2AED4b15675c7917c9f922ea8ADAD,4000000062,4000000062,Original,0x823b92d6a4b2AED4b15675c7917c9f922ea8ADAD,Body transferred naked.
0x823b92d6a4b2AED4b15675c7917c9f922ea8ADAD receives an Original Banny with no outfit.,Ethereum,1,5,AirdropV4BannysEthereum5,196,16,banny_body,Banny body,0,Original,4,4000000063,4000000063,0x823b92d6a4b2AED4b15675c7917c9f922ea8ADAD,0x823b92d6a4b2AED4b15675c7917c9f922ea8ADAD,4000000063,4000000063,Original,0x823b92d6a4b2AED4b15675c7917c9f922ea8ADAD,Body transferred naked.
0x823b92d6a4b2AED4b15675c7917c9f922ea8ADAD receives an Original Banny with no outfit.,Ethereum,1,5,AirdropV4BannysEthereum5,197,17,banny_body,Banny body,0,Original,4,4000000064,4000000064,0x823b92d6a4b2AED4b15675c7917c9f922ea8ADAD,0x823b92d6a4b2AED4b15675c7917c9f922ea8ADAD,4000000064,4000000064,Original,0x823b92d6a4b2AED4b15675c7917c9f922ea8ADAD,Body transferred naked.
0x823b92d6a4b2AED4b15675c7917c9f922ea8ADAD receives an Original Banny with no outfit.,Ethereum,1,5,AirdropV4BannysEthereum5,198,18,banny_body,Banny body,0,Original,4,4000000065,4000000065,0x823b92d6a4b2AED4b15675c7917c9f922ea8ADAD,0x823b92d6a4b2AED4b15675c7917c9f922ea8ADAD,4000000065,4000000065,Original,0x823b92d6a4b2AED4b15675c7917c9f922ea8ADAD,Body transferred naked.
0x823b92d6a4b2AED4b15675c7917c9f922ea8ADAD receives an Original Banny with no outfit.,Ethereum,1,5,AirdropV4BannysEthereum5,199,19,banny_body,Banny body,0,Original,4,4000000066,4000000066,0x823b92d6a4b2AED4b15675c7917c9f922ea8ADAD,0x823b92d6a4b2AED4b15675c7917c9f922ea8ADAD,4000000066,4000000066,Original,0x823b92d6a4b2AED4b15675c7917c9f922ea8ADAD,Body transferred naked.
0x823b92d6a4b2AED4b15675c7917c9f922ea8ADAD receives an Original Banny with no outfit.,Ethereum,1,5,AirdropV4BannysEthereum5,200,20,banny_body,Banny body,0,Original,4,4000000067,4000000067,0x823b92d6a4b2AED4b15675c7917c9f922ea8ADAD,0x823b92d6a4b2AED4b15675c7917c9f922ea8ADAD,4000000067,4000000067,Original,0x823b92d6a4b2AED4b15675c7917c9f922ea8ADAD,Body transferred naked.
"0x80581C6e88Ce00095F85cdf24bB760f16d6eC0D6 receives an Original Banny on Work Station background wearing Astronaut Head, Astronaut Boots, and Astronaut Suit.",Ethereum,1,5,AirdropV4BannysEthereum5,201,21,worn_background,Background,1,Work Station,5,5000000006,5000000006,0x80581C6e88Ce00095F85cdf24bB760f16d6eC0D6,0xa5F8911d4CFd60a6697479f078409434424fe666,4000000052,4000000052,Original,0x80581C6e88Ce00095F85cdf24bB760f16d6eC0D6,Background is worn by the Banny; the outfitted Banny is transferred to recipient.
"0x30670D81E487c80b9EDc54370e6EaF943B6EAB39 receives an Original Banny on Hay Field background wearing Proff Glasses, Doc Coat, and Constitution.",Ethereum,1,5,AirdropV4BannysEthereum5,202,22,worn_background,Background,1,Hay Field,6,6000000010,6000000007,0x30670D81E487c80b9EDc54370e6EaF943B6EAB39,0xa5F8911d4CFd60a6697479f078409434424fe666,4000000054,4000000054,Original,0x30670D81E487c80b9EDc54370e6EaF943B6EAB39,Background is worn by the Banny; the outfitted Banny is transferred to recipient.
"0x80581C6e88Ce00095F85cdf24bB760f16d6eC0D6 receives an Original Banny on Work Station background wearing Astronaut Head, Astronaut Boots, and Astronaut Suit.",Ethereum,1,5,AirdropV4BannysEthereum5,203,23,worn_outfit,Head,4,Astronaut Head,10,10000000012,10000000006,0x80581C6e88Ce00095F85cdf24bB760f16d6eC0D6,0xa5F8911d4CFd60a6697479f078409434424fe666,4000000052,4000000052,Original,0x80581C6e88Ce00095F85cdf24bB760f16d6eC0D6,Outfit is worn by the Banny; the outfitted Banny is transferred to recipient.
0x823b92d6a4b2AED4b15675c7917c9f922ea8ADAD receives an Original Banny wearing Cyberpunk Glasses and Potion.,Ethereum,1,5,AirdropV4BannysEthereum5,204,24,worn_outfit,Glasses,5,Cyberpunk Glasses,13,13000000003,13000000002,0x823b92d6a4b2AED4b15675c7917c9f922ea8ADAD,0xa5F8911d4CFd60a6697479f078409434424fe666,4000000060,4000000060,Original,0x823b92d6a4b2AED4b15675c7917c9f922ea8ADAD,Outfit is worn by the Banny; the outfitted Banny is transferred to recipient.
"0x30670D81E487c80b9EDc54370e6EaF943B6EAB39 receives an Original Banny on Hay Field background wearing Proff Glasses, Doc Coat, and Constitution.",Ethereum,1,5,AirdropV4BannysEthereum5,205,25,worn_outfit,Glasses,5,Proff Glasses,15,15000000002,15000000003,0x30670D81E487c80b9EDc54370e6EaF943B6EAB39,0xa5F8911d4CFd60a6697479f078409434424fe666,4000000054,4000000054,Original,0x30670D81E487c80b9EDc54370e6EaF943B6EAB39,Outfit is worn by the Banny; the outfitted Banny is transferred to recipient.
"0x34724D71cE674FcD4d06e60Dd1BaA88c14D36b75 receives an Original Banny wearing Proff Glasses, Geisha Gown, Proff Hair, and Dagger.",Ethereum,1,5,AirdropV4BannysEthereum5,206,26,worn_outfit,Glasses,5,Proff Glasses,15,15000000003,15000000004,0x34724D71cE674FcD4d06e60Dd1BaA88c14D36b75,0xa5F8911d4CFd60a6697479f078409434424fe666,4000000056,4000000056,Original,0x34724D71cE674FcD4d06e60Dd1BaA88c14D36b75,Outfit is worn by the Banny; the outfitted Banny is transferred to recipient.
"0x80581C6e88Ce00095F85cdf24bB760f16d6eC0D6 receives an Original Banny on Work Station background wearing Astronaut Head, Astronaut Boots, and Astronaut Suit.",Ethereum,1,5,AirdropV4BannysEthereum5,207,27,worn_outfit,Legs,7,Astronaut Boots,18,18000000003,18000000003,0x80581C6e88Ce00095F85cdf24bB760f16d6eC0D6,0xa5F8911d4CFd60a6697479f078409434424fe666,4000000052,4000000052,Original,0x80581C6e88Ce00095F85cdf24bB760f16d6eC0D6,Outfit is worn by the Banny; the outfitted Banny is transferred to recipient.
"0xf32dd1Bd55bD14d929218499a2E7D106F72f79c7 receives an Original Banny wearing Flops, Zucco Tshirt, Farmer Hat, and Lightsaber.",Ethereum,1,5,AirdropV4BannysEthereum5,208,28,worn_outfit,Legs,7,Flops,19,19000000013,19000000010,0xf32dd1Bd55bD14d929218499a2E7D106F72f79c7,0xa5F8911d4CFd60a6697479f078409434424fe666,4000000048,4000000048,Original,0xf32dd1Bd55bD14d929218499a2E7D106F72f79c7,Outfit is worn by the Banny; the outfitted Banny is transferred to recipient.
"0x60535A6605958fFf6cEC5B1e92892601EFb3473b receives an Original Banny wearing Flops, Peach Hair, and Constitution.",Ethereum,1,5,AirdropV4BannysEthereum5,209,29,worn_outfit,Legs,7,Flops,19,19000000016,19000000011,0x60535A6605958fFf6cEC5B1e92892601EFb3473b,0xa5F8911d4CFd60a6697479f078409434424fe666,4000000055,4000000055,Original,0x60535A6605958fFf6cEC5B1e92892601EFb3473b,Outfit is worn by the Banny; the outfitted Banny is transferred to recipient.
"0xA99c384f43e72B65BB51fE33b85CE12A32C09526 receives an Original Banny wearing Flops, Irie Shirt, and Natty Dred.",Ethereum,1,5,AirdropV4BannysEthereum5,210,30,worn_outfit,Legs,7,Flops,19,19000000017,19000000012,0xA99c384f43e72B65BB51fE33b85CE12A32C09526,0xa5F8911d4CFd60a6697479f078409434424fe666,4000000057,4000000057,Original,0xA99c384f43e72B65BB51fE33b85CE12A32C09526,Outfit is worn by the Banny; the outfitted Banny is transferred to recipient.
"0x80581C6e88Ce00095F85cdf24bB760f16d6eC0D6 receives an Original Banny on Work Station background wearing Astronaut Head, Astronaut Boots, and Astronaut Suit.",Ethereum,1,5,AirdropV4BannysEthereum5,211,31,worn_outfit,Suit,8,Astronaut Suit,20,20000000008,20000000002,0x80581C6e88Ce00095F85cdf24bB760f16d6eC0D6,0xa5F8911d4CFd60a6697479f078409434424fe666,4000000052,4000000052,Original,0x80581C6e88Ce00095F85cdf24bB760f16d6eC0D6,Outfit is worn by the Banny; the outfitted Banny is transferred to recipient.
"0x34724D71cE674FcD4d06e60Dd1BaA88c14D36b75 receives an Original Banny wearing Proff Glasses, Geisha Gown, Proff Hair, and Dagger.",Ethereum,1,5,AirdropV4BannysEthereum5,212,32,worn_outfit,Suit,8,Geisha Gown,23,23000000007,23000000006,0x34724D71cE674FcD4d06e60Dd1BaA88c14D36b75,0xa5F8911d4CFd60a6697479f078409434424fe666,4000000056,4000000056,Original,0x34724D71cE674FcD4d06e60Dd1BaA88c14D36b75,Outfit is worn by the Banny; the outfitted Banny is transferred to recipient.
"0x30670D81E487c80b9EDc54370e6EaF943B6EAB39 receives an Original Banny on Hay Field background wearing Proff Glasses, Doc Coat, and Constitution.",Ethereum,1,5,AirdropV4BannysEthereum5,213,33,worn_outfit,Suit top,10,Doc Coat,26,26000000005,26000000005,0x30670D81E487c80b9EDc54370e6EaF943B6EAB39,0xa5F8911d4CFd60a6697479f078409434424fe666,4000000054,4000000054,Original,0x30670D81E487c80b9EDc54370e6EaF943B6EAB39,Outfit is worn by the Banny; the outfitted Banny is transferred to recipient.
"0xA99c384f43e72B65BB51fE33b85CE12A32C09526 receives an Original Banny wearing Flops, Irie Shirt, and Natty Dred.",Ethereum,1,5,AirdropV4BannysEthereum5,214,34,worn_outfit,Suit top,10,Irie Shirt,28,28000000008,28000000002,0xA99c384f43e72B65BB51fE33b85CE12A32C09526,0xa5F8911d4CFd60a6697479f078409434424fe666,4000000057,4000000057,Original,0xA99c384f43e72B65BB51fE33b85CE12A32C09526,Outfit is worn by the Banny; the outfitted Banny is transferred to recipient.
"0xf32dd1Bd55bD14d929218499a2E7D106F72f79c7 receives an Original Banny wearing Flops, Zucco Tshirt, Farmer Hat, and Lightsaber.",Ethereum,1,5,AirdropV4BannysEthereum5,215,35,worn_outfit,Suit top,10,Zucco Tshirt,31,31000000010,31000000006,0xf32dd1Bd55bD14d929218499a2E7D106F72f79c7,0xa5F8911d4CFd60a6697479f078409434424fe666,4000000048,4000000048,Original,0xf32dd1Bd55bD14d929218499a2E7D106F72f79c7,Outfit is worn by the Banny; the outfitted Banny is transferred to recipient.
"0xf32dd1Bd55bD14d929218499a2E7D106F72f79c7 receives an Original Banny wearing Flops, Zucco Tshirt, Farmer Hat, and Lightsaber.",Ethereum,1,5,AirdropV4BannysEthereum5,216,36,worn_outfit,Head top,11,Farmer Hat,35,35000000007,35000000006,0xf32dd1Bd55bD14d929218499a2E7D106F72f79c7,0xa5F8911d4CFd60a6697479f078409434424fe666,4000000048,4000000048,Original,0xf32dd1Bd55bD14d929218499a2E7D106F72f79c7,Outfit is worn by the Banny; the outfitted Banny is transferred to recipient.
"0xA99c384f43e72B65BB51fE33b85CE12A32C09526 receives an Original Banny wearing Flops, Irie Shirt, and Natty Dred.",Ethereum,1,5,AirdropV4BannysEthereum5,217,37,worn_outfit,Head top,11,Natty Dred,38,38000000003,38000000002,0xA99c384f43e72B65BB51fE33b85CE12A32C09526,0xa5F8911d4CFd60a6697479f078409434424fe666,4000000057,4000000057,Original,0xA99c384f43e72B65BB51fE33b85CE12A32C09526,Outfit is worn by the Banny; the outfitted Banny is transferred to recipient.
"0x60535A6605958fFf6cEC5B1e92892601EFb3473b receives an Original Banny wearing Flops, Peach Hair, and Constitution.",Ethereum,1,5,AirdropV4BannysEthereum5,218,38,worn_outfit,Head top,11,Peach Hair,39,39000000002,39000000003,0x60535A6605958fFf6cEC5B1e92892601EFb3473b,0xa5F8911d4CFd60a6697479f078409434424fe666,4000000055,4000000055,Original,0x60535A6605958fFf6cEC5B1e92892601EFb3473b,Outfit is worn by the Banny; the outfitted Banny is transferred to recipient.
"0x34724D71cE674FcD4d06e60Dd1BaA88c14D36b75 receives an Original Banny wearing Proff Glasses, Geisha Gown, Proff Hair, and Dagger.",Ethereum,1,5,AirdropV4BannysEthereum5,219,39,worn_outfit,Head top,11,Proff Hair,40,40000000001,40000000001,0x34724D71cE674FcD4d06e60Dd1BaA88c14D36b75,0xa5F8911d4CFd60a6697479f078409434424fe666,4000000056,4000000056,Original,0x34724D71cE674FcD4d06e60Dd1BaA88c14D36b75,Outfit is worn by the Banny; the outfitted Banny is transferred to recipient.
"0x30670D81E487c80b9EDc54370e6EaF943B6EAB39 receives an Original Banny on Hay Field background wearing Proff Glasses, Doc Coat, and Constitution.",Ethereum,1,5,AirdropV4BannysEthereum5,220,40,worn_outfit,Fist,12,Constitution,44,44000000008,44000000004,0x30670D81E487c80b9EDc54370e6EaF943B6EAB39,0xa5F8911d4CFd60a6697479f078409434424fe666,4000000054,4000000054,Original,0x30670D81E487c80b9EDc54370e6EaF943B6EAB39,Outfit is worn by the Banny; the outfitted Banny is transferred to recipient.
"0x60535A6605958fFf6cEC5B1e92892601EFb3473b receives an Original Banny wearing Flops, Peach Hair, and Constitution.",Ethereum,1,5,AirdropV4BannysEthereum5,221,41,worn_outfit,Fist,12,Constitution,44,44000000009,44000000005,0x60535A6605958fFf6cEC5B1e92892601EFb3473b,0xa5F8911d4CFd60a6697479f078409434424fe666,4000000055,4000000055,Original,0x60535A6605958fFf6cEC5B1e92892601EFb3473b,Outfit is worn by the Banny; the outfitted Banny is transferred to recipient.
"0xf32dd1Bd55bD14d929218499a2E7D106F72f79c7 receives an Original Banny wearing Flops, Zucco Tshirt, Farmer Hat, and Lightsaber.",Ethereum,1,5,AirdropV4BannysEthereum5,222,42,worn_outfit,Fist,12,Lightsaber,47,47000000005,47000000002,0xf32dd1Bd55bD14d929218499a2E7D106F72f79c7,0xa5F8911d4CFd60a6697479f078409434424fe666,4000000048,4000000048,Original,0xf32dd1Bd55bD14d929218499a2E7D106F72f79c7,Outfit is worn by the Banny; the outfitted Banny is transferred to recipient.
0x823b92d6a4b2AED4b15675c7917c9f922ea8ADAD receives an Original Banny wearing Cyberpunk Glasses and Potion.,Ethereum,1,5,AirdropV4BannysEthereum5,223,43,worn_outfit,Fist,12,Potion,48,48000000006,48000000005,0x823b92d6a4b2AED4b15675c7917c9f922ea8ADAD,0xa5F8911d4CFd60a6697479f078409434424fe666,4000000060,4000000060,Original,0x823b92d6a4b2AED4b15675c7917c9f922ea8ADAD,Outfit is worn by the Banny; the outfitted Banny is transferred to recipient.
"0x34724D71cE674FcD4d06e60Dd1BaA88c14D36b75 receives an Original Banny wearing Proff Glasses, Geisha Gown, Proff Hair, and Dagger.",Ethereum,1,5,AirdropV4BannysEthereum5,224,44,worn_outfit,Fist,12,Dagger,49,49000000004,49000000003,0x34724D71cE674FcD4d06e60Dd1BaA88c14D36b75,0xa5F8911d4CFd60a6697479f078409434424fe666,4000000056,4000000056,Original,0x34724D71cE674FcD4d06e60Dd1BaA88c14D36b75,Outfit is worn by the Banny; the outfitted Banny is transferred to recipient.
0x823b92d6a4b2AED4b15675c7917c9f922ea8ADAD receives an Original Banny with no outfit.,Ethereum,1,6,AirdropV4BannysEthereum6,225,1,banny_body,Banny body,0,Original,4,4000000068,4000000068,0x823b92d6a4b2AED4b15675c7917c9f922ea8ADAD,0x823b92d6a4b2AED4b15675c7917c9f922ea8ADAD,4000000068,4000000068,Original,0x823b92d6a4b2AED4b15675c7917c9f922ea8ADAD,Body transferred naked.
0x823b92d6a4b2AED4b15675c7917c9f922ea8ADAD receives an Original Banny with no outfit.,Ethereum,1,6,AirdropV4BannysEthereum6,226,2,banny_body,Banny body,0,Original,4,4000000069,4000000069,0x823b92d6a4b2AED4b15675c7917c9f922ea8ADAD,0x823b92d6a4b2AED4b15675c7917c9f922ea8ADAD,4000000069,4000000069,Original,0x823b92d6a4b2AED4b15675c7917c9f922ea8ADAD,Body transferred naked.
0x823b92d6a4b2AED4b15675c7917c9f922ea8ADAD receives an Original Banny with no outfit.,Ethereum,1,6,AirdropV4BannysEthereum6,227,3,banny_body,Banny body,0,Original,4,4000000070,4000000070,0x823b92d6a4b2AED4b15675c7917c9f922ea8ADAD,0x823b92d6a4b2AED4b15675c7917c9f922ea8ADAD,4000000070,4000000070,Original,0x823b92d6a4b2AED4b15675c7917c9f922ea8ADAD,Body transferred naked.
0x823b92d6a4b2AED4b15675c7917c9f922ea8ADAD receives an Original Banny with no outfit.,Ethereum,1,6,AirdropV4BannysEthereum6,228,4,banny_body,Banny body,0,Original,4,4000000071,4000000071,0x823b92d6a4b2AED4b15675c7917c9f922ea8ADAD,0x823b92d6a4b2AED4b15675c7917c9f922ea8ADAD,4000000071,4000000071,Original,0x823b92d6a4b2AED4b15675c7917c9f922ea8ADAD,Body transferred naked.
0x823b92d6a4b2AED4b15675c7917c9f922ea8ADAD receives an Original Banny with no outfit.,Ethereum,1,6,AirdropV4BannysEthereum6,229,5,banny_body,Banny body,0,Original,4,4000000072,4000000072,0x823b92d6a4b2AED4b15675c7917c9f922ea8ADAD,0x823b92d6a4b2AED4b15675c7917c9f922ea8ADAD,4000000072,4000000072,Original,0x823b92d6a4b2AED4b15675c7917c9f922ea8ADAD,Body transferred naked.
0x823b92d6a4b2AED4b15675c7917c9f922ea8ADAD receives an Original Banny with no outfit.,Ethereum,1,6,AirdropV4BannysEthereum6,230,6,banny_body,Banny body,0,Original,4,4000000073,4000000073,0x823b92d6a4b2AED4b15675c7917c9f922ea8ADAD,0x823b92d6a4b2AED4b15675c7917c9f922ea8ADAD,4000000073,4000000073,Original,0x823b92d6a4b2AED4b15675c7917c9f922ea8ADAD,Body transferred naked.
0x823b92d6a4b2AED4b15675c7917c9f922ea8ADAD receives an Original Banny with no outfit.,Ethereum,1,6,AirdropV4BannysEthereum6,231,7,banny_body,Banny body,0,Original,4,4000000074,4000000074,0x823b92d6a4b2AED4b15675c7917c9f922ea8ADAD,0x823b92d6a4b2AED4b15675c7917c9f922ea8ADAD,4000000074,4000000074,Original,0x823b92d6a4b2AED4b15675c7917c9f922ea8ADAD,Body transferred naked.
0x823b92d6a4b2AED4b15675c7917c9f922ea8ADAD receives an Original Banny with no outfit.,Ethereum,1,6,AirdropV4BannysEthereum6,232,8,banny_body,Banny body,0,Original,4,4000000075,4000000075,0x823b92d6a4b2AED4b15675c7917c9f922ea8ADAD,0x823b92d6a4b2AED4b15675c7917c9f922ea8ADAD,4000000075,4000000075,Original,0x823b92d6a4b2AED4b15675c7917c9f922ea8ADAD,Body transferred naked.
"0xaECD6D9172d602b93dBA3981991268b44af8096e receives an Original Banny wearing Flops, Punk Jacket, and Natty Dred.",Ethereum,1,6,AirdropV4BannysEthereum6,233,9,outfitted_banny_body,Banny body,0,Original,4,4000000076,4000000076,0xaECD6D9172d602b93dBA3981991268b44af8096e,0xaECD6D9172d602b93dBA3981991268b44af8096e,4000000076,4000000076,Original,0xaECD6D9172d602b93dBA3981991268b44af8096e,Body transferred after dressing.
0xaECD6D9172d602b93dBA3981991268b44af8096e receives an Original Banny with no outfit.,Ethereum,1,6,AirdropV4BannysEthereum6,234,10,banny_body,Banny body,0,Original,4,4000000077,4000000077,0xaECD6D9172d602b93dBA3981991268b44af8096e,0xaECD6D9172d602b93dBA3981991268b44af8096e,4000000077,4000000077,Original,0xaECD6D9172d602b93dBA3981991268b44af8096e,Body transferred naked.
0xAAeD9fFF9858d48925904E391B77892BA5Fda824 receives an Original Banny wearing Zucco Tshirt and Cheap Beer.,Ethereum,1,6,AirdropV4BannysEthereum6,235,11,outfitted_banny_body,Banny body,0,Original,4,4000000078,4000000078,0xAAeD9fFF9858d48925904E391B77892BA5Fda824,0xAAeD9fFF9858d48925904E391B77892BA5Fda824,4000000078,4000000078,Original,0xAAeD9fFF9858d48925904E391B77892BA5Fda824,Body transferred after dressing.
"0x2feb329b9289b60064904Fa61Fc347157a5AEd6a receives an Original Banny wearing Flops, Jonny Utah Shirt, and Cheap Beer.",Ethereum,1,6,AirdropV4BannysEthereum6,236,12,outfitted_banny_body,Banny body,0,Original,4,4000000079,4000000079,0x2feb329b9289b60064904Fa61Fc347157a5AEd6a,0x2feb329b9289b60064904Fa61Fc347157a5AEd6a,4000000079,4000000079,Original,0x2feb329b9289b60064904Fa61Fc347157a5AEd6a,Body transferred after dressing.
"0xDfd60a8E1e17FBb78E8CA332906A822D862f3D57 receives an Original Banny on Hay Field background wearing Proff Glasses, Flops, and Jonny Utah Shirt.",Ethereum,1,6,AirdropV4BannysEthereum6,237,13,outfitted_banny_body,Banny body,0,Original,4,4000000080,4000000080,0xDfd60a8E1e17FBb78E8CA332906A822D862f3D57,0xDfd60a8E1e17FBb78E8CA332906A822D862f3D57,4000000080,4000000080,Original,0xDfd60a8E1e17FBb78E8CA332906A822D862f3D57,Body transferred after dressing.
0xBD07B7Ab42cE411A752DB600604ECA7fE5501947 receives an Original Banny with no outfit.,Ethereum,1,6,AirdropV4BannysEthereum6,238,14,banny_body,Banny body,0,Original,4,4000000081,4000000081,0xBD07B7Ab42cE411A752DB600604ECA7fE5501947,0xBD07B7Ab42cE411A752DB600604ECA7fE5501947,4000000081,4000000081,Original,0xBD07B7Ab42cE411A752DB600604ECA7fE5501947,Body transferred naked.
0x9f729294b308f79243285348A7Be3f58ae5ED31A receives an Original Banny with no outfit.,Ethereum,1,6,AirdropV4BannysEthereum6,239,15,banny_body,Banny body,0,Original,4,4000000082,4000000082,0x9f729294b308f79243285348A7Be3f58ae5ED31A,0x9f729294b308f79243285348A7Be3f58ae5ED31A,4000000082,4000000082,Original,0x9f729294b308f79243285348A7Be3f58ae5ED31A,Body transferred naked.
0x35a21F7c053Aed0Dcf9E24BfB100acA163aeDdB2 receives an Original Banny with no outfit.,Ethereum,1,6,AirdropV4BannysEthereum6,240,16,banny_body,Banny body,0,Original,4,4000000083,4000000083,0x35a21F7c053Aed0Dcf9E24BfB100acA163aeDdB2,0x35a21F7c053Aed0Dcf9E24BfB100acA163aeDdB2,4000000083,4000000083,Original,0x35a21F7c053Aed0Dcf9E24BfB100acA163aeDdB2,Body transferred naked.
0x1c6d61F3d8976A8aCDd311ecdFa533B8ECd0AC61 receives an Original Banny with no outfit.,Ethereum,1,6,AirdropV4BannysEthereum6,241,17,banny_body,Banny body,0,Original,4,4000000084,4000000084,0x1c6d61F3d8976A8aCDd311ecdFa533B8ECd0AC61,0x1c6d61F3d8976A8aCDd311ecdFa533B8ECd0AC61,4000000084,4000000084,Original,0x1c6d61F3d8976A8aCDd311ecdFa533B8ECd0AC61,Body transferred naked.
0x5138a42C3D5065debE950deBDa10C1f38150a908 receives an Original Banny wearing Zucco Tshirt.,Ethereum,1,6,AirdropV4BannysEthereum6,242,18,outfitted_banny_body,Banny body,0,Original,4,4000000085,4000000085,0x5138a42C3D5065debE950deBDa10C1f38150a908,0x5138a42C3D5065debE950deBDa10C1f38150a908,4000000085,4000000085,Original,0x5138a42C3D5065debE950deBDa10C1f38150a908,Body transferred after dressing.
"0xDfd60a8E1e17FBb78E8CA332906A822D862f3D57 receives an Original Banny on Hay Field background wearing Proff Glasses, Flops, and Jonny Utah Shirt.",Ethereum,1,6,AirdropV4BannysEthereum6,243,19,worn_background,Background,1,Hay Field,6,6000000013,6000000008,0xDfd60a8E1e17FBb78E8CA332906A822D862f3D57,0xa5F8911d4CFd60a6697479f078409434424fe666,4000000080,4000000080,Original,0xDfd60a8E1e17FBb78E8CA332906A822D862f3D57,Background is worn by the Banny; the outfitted Banny is transferred to recipient.
"0xDfd60a8E1e17FBb78E8CA332906A822D862f3D57 receives an Original Banny on Hay Field background wearing Proff Glasses, Flops, and Jonny Utah Shirt.",Ethereum,1,6,AirdropV4BannysEthereum6,244,20,worn_outfit,Glasses,5,Proff Glasses,15,15000000005,15000000005,0xDfd60a8E1e17FBb78E8CA332906A822D862f3D57,0xa5F8911d4CFd60a6697479f078409434424fe666,4000000080,4000000080,Original,0xDfd60a8E1e17FBb78E8CA332906A822D862f3D57,Outfit is worn by the Banny; the outfitted Banny is transferred to recipient.
"0xaECD6D9172d602b93dBA3981991268b44af8096e receives an Original Banny wearing Flops, Punk Jacket, and Natty Dred.",Ethereum,1,6,AirdropV4BannysEthereum6,245,21,worn_outfit,Legs,7,Flops,19,19000000018,19000000013,0xaECD6D9172d602b93dBA3981991268b44af8096e,0xa5F8911d4CFd60a6697479f078409434424fe666,4000000076,4000000076,Original,0xaECD6D9172d602b93dBA3981991268b44af8096e,Outfit is worn by the Banny; the outfitted Banny is transferred to recipient.
"0x2feb329b9289b60064904Fa61Fc347157a5AEd6a receives an Original Banny wearing Flops, Jonny Utah Shirt, and Cheap Beer.",Ethereum,1,6,AirdropV4BannysEthereum6,246,22,worn_outfit,Legs,7,Flops,19,19000000020,19000000014,0x2feb329b9289b60064904Fa61Fc347157a5AEd6a,0xa5F8911d4CFd60a6697479f078409434424fe666,4000000079,4000000079,Original,0x2feb329b9289b60064904Fa61Fc347157a5AEd6a,Outfit is worn by the Banny; the outfitted Banny is transferred to recipient.
"0xDfd60a8E1e17FBb78E8CA332906A822D862f3D57 receives an Original Banny on Hay Field background wearing Proff Glasses, Flops, and Jonny Utah Shirt.",Ethereum,1,6,AirdropV4BannysEthereum6,247,23,worn_outfit,Legs,7,Flops,19,19000000021,19000000015,0xDfd60a8E1e17FBb78E8CA332906A822D862f3D57,0xa5F8911d4CFd60a6697479f078409434424fe666,4000000080,4000000080,Original,0xDfd60a8E1e17FBb78E8CA332906A822D862f3D57,Outfit is worn by the Banny; the outfitted Banny is transferred to recipient.
"0x2feb329b9289b60064904Fa61Fc347157a5AEd6a receives an Original Banny wearing Flops, Jonny Utah Shirt, and Cheap Beer.",Ethereum,1,6,AirdropV4BannysEthereum6,248,24,worn_outfit,Suit top,10,Jonny Utah Shirt,25,25000000010,25000000008,0x2feb329b9289b60064904Fa61Fc347157a5AEd6a,0xa5F8911d4CFd60a6697479f078409434424fe666,4000000079,4000000079,Original,0x2feb329b9289b60064904Fa61Fc347157a5AEd6a,Outfit is worn by the Banny; the outfitted Banny is transferred to recipient.
"0xDfd60a8E1e17FBb78E8CA332906A822D862f3D57 receives an Original Banny on Hay Field background wearing Proff Glasses, Flops, and Jonny Utah Shirt.",Ethereum,1,6,AirdropV4BannysEthereum6,249,25,worn_outfit,Suit top,10,Jonny Utah Shirt,25,25000000011,25000000009,0xDfd60a8E1e17FBb78E8CA332906A822D862f3D57,0xa5F8911d4CFd60a6697479f078409434424fe666,4000000080,4000000080,Original,0xDfd60a8E1e17FBb78E8CA332906A822D862f3D57,Outfit is worn by the Banny; the outfitted Banny is transferred to recipient.
"0xaECD6D9172d602b93dBA3981991268b44af8096e receives an Original Banny wearing Flops, Punk Jacket, and Natty Dred.",Ethereum,1,6,AirdropV4BannysEthereum6,250,26,worn_outfit,Suit top,10,Punk Jacket,29,29000000002,29000000002,0xaECD6D9172d602b93dBA3981991268b44af8096e,0xa5F8911d4CFd60a6697479f078409434424fe666,4000000076,4000000076,Original,0xaECD6D9172d602b93dBA3981991268b44af8096e,Outfit is worn by the Banny; the outfitted Banny is transferred to recipient.
0xAAeD9fFF9858d48925904E391B77892BA5Fda824 receives an Original Banny wearing Zucco Tshirt and Cheap Beer.,Ethereum,1,6,AirdropV4BannysEthereum6,251,27,worn_outfit,Suit top,10,Zucco Tshirt,31,31000000011,31000000007,0xAAeD9fFF9858d48925904E391B77892BA5Fda824,0xa5F8911d4CFd60a6697479f078409434424fe666,4000000078,4000000078,Original,0xAAeD9fFF9858d48925904E391B77892BA5Fda824,Outfit is worn by the Banny; the outfitted Banny is transferred to recipient.
0x5138a42C3D5065debE950deBDa10C1f38150a908 receives an Original Banny wearing Zucco Tshirt.,Ethereum,1,6,AirdropV4BannysEthereum6,252,28,worn_outfit,Suit top,10,Zucco Tshirt,31,31000000013,31000000008,0x5138a42C3D5065debE950deBDa10C1f38150a908,0xa5F8911d4CFd60a6697479f078409434424fe666,4000000085,4000000085,Original,0x5138a42C3D5065debE950deBDa10C1f38150a908,Outfit is worn by the Banny; the outfitted Banny is transferred to recipient.
"0xaECD6D9172d602b93dBA3981991268b44af8096e receives an Original Banny wearing Flops, Punk Jacket, and Natty Dred.",Ethereum,1,6,AirdropV4BannysEthereum6,253,29,worn_outfit,Head top,11,Natty Dred,38,38000000001,38000000003,0xaECD6D9172d602b93dBA3981991268b44af8096e,0xa5F8911d4CFd60a6697479f078409434424fe666,4000000076,4000000076,Original,0xaECD6D9172d602b93dBA3981991268b44af8096e,Outfit is worn by the Banny; the outfitted Banny is transferred to recipient.
0xAAeD9fFF9858d48925904E391B77892BA5Fda824 receives an Original Banny wearing Zucco Tshirt and Cheap Beer.,Ethereum,1,6,AirdropV4BannysEthereum6,254,30,worn_outfit,Fist,12,Cheap Beer,43,43000000017,43000000006,0xAAeD9fFF9858d48925904E391B77892BA5Fda824,0xa5F8911d4CFd60a6697479f078409434424fe666,4000000078,4000000078,Original,0xAAeD9fFF9858d48925904E391B77892BA5Fda824,Outfit is worn by the Banny; the outfitted Banny is transferred to recipient.
"0x2feb329b9289b60064904Fa61Fc347157a5AEd6a receives an Original Banny wearing Flops, Jonny Utah Shirt, and Cheap Beer.",Ethereum,1,6,AirdropV4BannysEthereum6,255,31,worn_outfit,Fist,12,Cheap Beer,43,43000000018,43000000007,0x2feb329b9289b60064904Fa61Fc347157a5AEd6a,0xa5F8911d4CFd60a6697479f078409434424fe666,4000000079,4000000079,Original,0x2feb329b9289b60064904Fa61Fc347157a5AEd6a,Outfit is worn by the Banny; the outfitted Banny is transferred to recipient.
0x1Ae766cc5947e1E4C3538EE1F3f47063D2B40E79 receives a Work Station Background asset.,Ethereum,1,7,AirdropV4BannysEthereum7,256,1,standalone_asset,Background,1,Work Station,5,5000000003,5000000007,0x1Ae766cc5947e1E4C3538EE1F3f47063D2B40E79,0x1Ae766cc5947e1E4C3538EE1F3f47063D2B40E79,,,,,Asset is not worn by a Banny and is transferred directly.
0x823b92d6a4b2AED4b15675c7917c9f922ea8ADAD receives a Work Station Background asset.,Ethereum,1,7,AirdropV4BannysEthereum7,257,2,standalone_asset,Background,1,Work Station,5,5000000007,5000000008,0x823b92d6a4b2AED4b15675c7917c9f922ea8ADAD,0x823b92d6a4b2AED4b15675c7917c9f922ea8ADAD,,,,,Asset is not worn by a Banny and is transferred directly.
0xa9d20b435A85fAAa002f32d66F7D21564130E9cf receives a Hay Field Background asset.,Ethereum,1,7,AirdropV4BannysEthereum7,258,3,standalone_asset,Background,1,Hay Field,6,6000000005,6000000009,0xa9d20b435A85fAAa002f32d66F7D21564130E9cf,0xa9d20b435A85fAAa002f32d66F7D21564130E9cf,,,,,Asset is not worn by a Banny and is transferred directly.
0x1Ae766cc5947e1E4C3538EE1F3f47063D2B40E79 receives a Hay Field Background asset.,Ethereum,1,7,AirdropV4BannysEthereum7,259,4,standalone_asset,Background,1,Hay Field,6,6000000006,6000000010,0x1Ae766cc5947e1E4C3538EE1F3f47063D2B40E79,0x1Ae766cc5947e1E4C3538EE1F3f47063D2B40E79,,,,,Asset is not worn by a Banny and is transferred directly.
0x15b61e9b0637f45dc0858f083cd240267924125d receives a Hay Field Background asset.,Ethereum,1,7,AirdropV4BannysEthereum7,260,5,standalone_asset,Background,1,Hay Field,6,6000000007,6000000011,0x15b61e9b0637f45dc0858f083cd240267924125d,0x15b61e9b0637f45dc0858f083cd240267924125d,,,,,Asset is not worn by a Banny and is transferred directly.
0xaECD6D9172d602b93dBA3981991268b44af8096e receives a Hay Field Background asset.,Ethereum,1,7,AirdropV4BannysEthereum7,261,6,standalone_asset,Background,1,Hay Field,6,6000000008,6000000012,0xaECD6D9172d602b93dBA3981991268b44af8096e,0xaECD6D9172d602b93dBA3981991268b44af8096e,,,,,Asset is not worn by a Banny and is transferred directly.
0xe21A272c4D22eD40678a0168b4acd006bca8A482 receives a Hay Field Background asset.,Ethereum,1,7,AirdropV4BannysEthereum7,262,7,standalone_asset,Background,1,Hay Field,6,6000000009,6000000013,0xe21A272c4D22eD40678a0168b4acd006bca8A482,0xe21A272c4D22eD40678a0168b4acd006bca8A482,,,,,Asset is not worn by a Banny and is transferred directly.
0x4A290F18c35bBFE97B2557cf765De9387726dE39 receives an Astronaut Head asset.,Ethereum,1,7,AirdropV4BannysEthereum7,263,8,standalone_asset,Head,4,Astronaut Head,10,10000000004,10000000007,0x4A290F18c35bBFE97B2557cf765De9387726dE39,0x4A290F18c35bBFE97B2557cf765De9387726dE39,,,,,Asset is not worn by a Banny and is transferred directly.
0xf0FE43a75Ff248FD2E75D33fa1ebde71c6d1abAd receives an Astronaut Head asset.,Ethereum,1,7,AirdropV4BannysEthereum7,264,9,standalone_asset,Head,4,Astronaut Head,10,10000000008,10000000008,0xf0FE43a75Ff248FD2E75D33fa1ebde71c6d1abAd,0xf0FE43a75Ff248FD2E75D33fa1ebde71c6d1abAd,,,,,Asset is not worn by a Banny and is transferred directly.
0x7044d88283c8FFF0679b711C0cd81f1a6754C843 receives an Astronaut Head asset.,Ethereum,1,7,AirdropV4BannysEthereum7,265,10,standalone_asset,Head,4,Astronaut Head,10,10000000009,10000000009,0x7044d88283c8FFF0679b711C0cd81f1a6754C843,0x7044d88283c8FFF0679b711C0cd81f1a6754C843,,,,,Asset is not worn by a Banny and is transferred directly.
0xe21A272c4D22eD40678a0168b4acd006bca8A482 receives an Astronaut Head asset.,Ethereum,1,7,AirdropV4BannysEthereum7,266,11,standalone_asset,Head,4,Astronaut Head,10,10000000010,10000000010,0xe21A272c4D22eD40678a0168b4acd006bca8A482,0xe21A272c4D22eD40678a0168b4acd006bca8A482,,,,,Asset is not worn by a Banny and is transferred directly.
0xaECD6D9172d602b93dBA3981991268b44af8096e receives an Astronaut Head asset.,Ethereum,1,7,AirdropV4BannysEthereum7,267,12,standalone_asset,Head,4,Astronaut Head,10,10000000011,10000000011,0xaECD6D9172d602b93dBA3981991268b44af8096e,0xaECD6D9172d602b93dBA3981991268b44af8096e,,,,,Asset is not worn by a Banny and is transferred directly.
0x4A8a9147ab0DF5A8949f964bDBA22dc4583280E2 receives an Astronaut Head asset.,Ethereum,1,7,AirdropV4BannysEthereum7,268,13,standalone_asset,Head,4,Astronaut Head,10,10000000013,10000000012,0x4A8a9147ab0DF5A8949f964bDBA22dc4583280E2,0x4A8a9147ab0DF5A8949f964bDBA22dc4583280E2,,,,,Asset is not worn by a Banny and is transferred directly.
0x35a21F7c053Aed0Dcf9E24BfB100acA163aeDdB2 receives an Astronaut Head asset.,Ethereum,1,7,AirdropV4BannysEthereum7,269,14,standalone_asset,Head,4,Astronaut Head,10,10000000014,10000000013,0x35a21F7c053Aed0Dcf9E24BfB100acA163aeDdB2,0x35a21F7c053Aed0Dcf9E24BfB100acA163aeDdB2,,,,,Asset is not worn by a Banny and is transferred directly.
0x1Ae766cc5947e1E4C3538EE1F3f47063D2B40E79 receives a Nerd Glasses asset.,Ethereum,1,7,AirdropV4BannysEthereum7,270,15,standalone_asset,Glasses,5,Nerd Glasses,11,11000000001,11000000001,0x1Ae766cc5947e1E4C3538EE1F3f47063D2B40E79,0x1Ae766cc5947e1E4C3538EE1F3f47063D2B40E79,,,,,Asset is not worn by a Banny and is transferred directly.
0xaECD6D9172d602b93dBA3981991268b44af8096e receives a Cyberpunk Glasses asset.,Ethereum,1,7,AirdropV4BannysEthereum7,271,16,standalone_asset,Glasses,5,Cyberpunk Glasses,13,13000000002,13000000003,0xaECD6D9172d602b93dBA3981991268b44af8096e,0xaECD6D9172d602b93dBA3981991268b44af8096e,,,,,Asset is not worn by a Banny and is transferred directly.
0x35a21F7c053Aed0Dcf9E24BfB100acA163aeDdB2 receives a Cyberpunk Glasses asset.,Ethereum,1,7,AirdropV4BannysEthereum7,272,17,standalone_asset,Glasses,5,Cyberpunk Glasses,13,13000000004,13000000004,0x35a21F7c053Aed0Dcf9E24BfB100acA163aeDdB2,0x35a21F7c053Aed0Dcf9E24BfB100acA163aeDdB2,,,,,Asset is not worn by a Banny and is transferred directly.
0x87084347AeBADc626e8569E0D386928dade2ba09 receives an Investor Shades Glasses asset.,Ethereum,1,7,AirdropV4BannysEthereum7,273,18,standalone_asset,Glasses,5,Investor Shades,14,14000000002,14000000004,0x87084347AeBADc626e8569E0D386928dade2ba09,0x87084347AeBADc626e8569E0D386928dade2ba09,,,,,Asset is not worn by a Banny and is transferred directly.
0x15b61e9b0637f45dc0858f083cd240267924125d receives an Investor Shades Glasses asset.,Ethereum,1,7,AirdropV4BannysEthereum7,274,19,standalone_asset,Glasses,5,Investor Shades,14,14000000004,14000000005,0x15b61e9b0637f45dc0858f083cd240267924125d,0x15b61e9b0637f45dc0858f083cd240267924125d,,,,,Asset is not worn by a Banny and is transferred directly.
0x823b92d6a4b2AED4b15675c7917c9f922ea8ADAD receives an Investor Shades Glasses asset.,Ethereum,1,7,AirdropV4BannysEthereum7,275,20,standalone_asset,Glasses,5,Investor Shades,14,14000000006,14000000006,0x823b92d6a4b2AED4b15675c7917c9f922ea8ADAD,0x823b92d6a4b2AED4b15675c7917c9f922ea8ADAD,,,,,Asset is not worn by a Banny and is transferred directly.
0x823b92d6a4b2AED4b15675c7917c9f922ea8ADAD receives a Dorthy Shoes Legs asset.,Ethereum,1,7,AirdropV4BannysEthereum7,276,21,standalone_asset,Legs,7,Dorthy Shoes,17,17000000003,17000000003,0x823b92d6a4b2AED4b15675c7917c9f922ea8ADAD,0x823b92d6a4b2AED4b15675c7917c9f922ea8ADAD,,,,,Asset is not worn by a Banny and is transferred directly.
0x823b92d6a4b2AED4b15675c7917c9f922ea8ADAD receives a Dorthy Shoes Legs asset.,Ethereum,1,7,AirdropV4BannysEthereum7,277,22,standalone_asset,Legs,7,Dorthy Shoes,17,17000000004,17000000004,0x823b92d6a4b2AED4b15675c7917c9f922ea8ADAD,0x823b92d6a4b2AED4b15675c7917c9f922ea8ADAD,,,,,Asset is not worn by a Banny and is transferred directly.
0x823b92d6a4b2AED4b15675c7917c9f922ea8ADAD receives a Dorthy Shoes Legs asset.,Ethereum,1,7,AirdropV4BannysEthereum7,278,23,standalone_asset,Legs,7,Dorthy Shoes,17,17000000005,17000000005,0x823b92d6a4b2AED4b15675c7917c9f922ea8ADAD,0x823b92d6a4b2AED4b15675c7917c9f922ea8ADAD,,,,,Asset is not worn by a Banny and is transferred directly.
0x0447AD1BdC0fFA06f7029c8E63F4De21E65255d2 receives a Flops Legs asset.,Ethereum,1,7,AirdropV4BannysEthereum7,279,24,standalone_asset,Legs,7,Flops,19,19000000001,19000000016,0x0447AD1BdC0fFA06f7029c8E63F4De21E65255d2,0x0447AD1BdC0fFA06f7029c8E63F4De21E65255d2,,,,,Asset is not worn by a Banny and is transferred directly.
0x516cAfD745Ec780D20f61c0d71fe258eA765222D receives a Flops Legs asset.,Ethereum,1,7,AirdropV4BannysEthereum7,280,25,standalone_asset,Legs,7,Flops,19,19000000003,19000000017,0x516cAfD745Ec780D20f61c0d71fe258eA765222D,0x516cAfD745Ec780D20f61c0d71fe258eA765222D,,,,,Asset is not worn by a Banny and is transferred directly.
0xa9d20b435A85fAAa002f32d66F7D21564130E9cf receives a Flops Legs asset.,Ethereum,1,7,AirdropV4BannysEthereum7,281,26,standalone_asset,Legs,7,Flops,19,19000000006,19000000018,0xa9d20b435A85fAAa002f32d66F7D21564130E9cf,0xa9d20b435A85fAAa002f32d66F7D21564130E9cf,,,,,Asset is not worn by a Banny and is transferred directly.
0x87084347AeBADc626e8569E0D386928dade2ba09 receives a Flops Legs asset.,Ethereum,1,7,AirdropV4BannysEthereum7,282,27,standalone_asset,Legs,7,Flops,19,19000000007,19000000019,0x87084347AeBADc626e8569E0D386928dade2ba09,0x87084347AeBADc626e8569E0D386928dade2ba09,,,,,Asset is not worn by a Banny and is transferred directly.
0x08cF1208e638a5A3623be58d600e35c6199baa9C receives a Flops Legs asset.,Ethereum,1,7,AirdropV4BannysEthereum7,283,28,standalone_asset,Legs,7,Flops,19,19000000010,19000000020,0x08cF1208e638a5A3623be58d600e35c6199baa9C,0x08cF1208e638a5A3623be58d600e35c6199baa9C,,,,,Asset is not worn by a Banny and is transferred directly.
0x4A8a9147ab0DF5A8949f964bDBA22dc4583280E2 receives a Flops Legs asset.,Ethereum,1,7,AirdropV4BannysEthereum7,284,29,standalone_asset,Legs,7,Flops,19,19000000014,19000000021,0x4A8a9147ab0DF5A8949f964bDBA22dc4583280E2,0x4A8a9147ab0DF5A8949f964bDBA22dc4583280E2,,,,,Asset is not worn by a Banny and is transferred directly.
0x35a21F7c053Aed0Dcf9E24BfB100acA163aeDdB2 receives a Flops Legs asset.,Ethereum,1,7,AirdropV4BannysEthereum7,285,30,standalone_asset,Legs,7,Flops,19,19000000022,19000000022,0x35a21F7c053Aed0Dcf9E24BfB100acA163aeDdB2,0x35a21F7c053Aed0Dcf9E24BfB100acA163aeDdB2,,,,,Asset is not worn by a Banny and is transferred directly.
0x289715fFBB2f4b482e2917D2f183FeAb564ec84F receives an Astronaut Suit asset.,Ethereum,1,7,AirdropV4BannysEthereum7,286,31,standalone_asset,Suit,8,Astronaut Suit,20,20000000002,20000000003,0x289715fFBB2f4b482e2917D2f183FeAb564ec84F,0x289715fFBB2f4b482e2917D2f183FeAb564ec84F,,,,,Asset is not worn by a Banny and is transferred directly.
0x79d1E7F1A6E0Bbb3278a9d2B782e3A8983444cb6 receives an Astronaut Suit asset.,Ethereum,1,7,AirdropV4BannysEthereum7,287,32,standalone_asset,Suit,8,Astronaut Suit,20,20000000003,20000000004,0x79d1E7F1A6E0Bbb3278a9d2B782e3A8983444cb6,0x79d1E7F1A6E0Bbb3278a9d2B782e3A8983444cb6,,,,,Asset is not worn by a Banny and is transferred directly.
0x15b61e9b0637f45dc0858f083cd240267924125d receives an Astronaut Suit asset.,Ethereum,1,7,AirdropV4BannysEthereum7,288,33,standalone_asset,Suit,8,Astronaut Suit,20,20000000004,20000000005,0x15b61e9b0637f45dc0858f083cd240267924125d,0x15b61e9b0637f45dc0858f083cd240267924125d,,,,,Asset is not worn by a Banny and is transferred directly.
0xaECD6D9172d602b93dBA3981991268b44af8096e receives an Astronaut Suit asset.,Ethereum,1,7,AirdropV4BannysEthereum7,289,34,standalone_asset,Suit,8,Astronaut Suit,20,20000000005,20000000006,0xaECD6D9172d602b93dBA3981991268b44af8096e,0xaECD6D9172d602b93dBA3981991268b44af8096e,,,,,Asset is not worn by a Banny and is transferred directly.
0xe21A272c4D22eD40678a0168b4acd006bca8A482 receives an Astronaut Suit asset.,Ethereum,1,7,AirdropV4BannysEthereum7,290,35,standalone_asset,Suit,8,Astronaut Suit,20,20000000006,20000000007,0xe21A272c4D22eD40678a0168b4acd006bca8A482,0xe21A272c4D22eD40678a0168b4acd006bca8A482,,,,,Asset is not worn by a Banny and is transferred directly.
0xaECD6D9172d602b93dBA3981991268b44af8096e receives an Astronaut Suit asset.,Ethereum,1,7,AirdropV4BannysEthereum7,291,36,standalone_asset,Suit,8,Astronaut Suit,20,20000000007,20000000008,0xaECD6D9172d602b93dBA3981991268b44af8096e,0xaECD6D9172d602b93dBA3981991268b44af8096e,,,,,Asset is not worn by a Banny and is transferred directly.
0xaECD6D9172d602b93dBA3981991268b44af8096e receives a Sweatsuit asset.,Ethereum,1,7,AirdropV4BannysEthereum7,292,37,standalone_asset,Suit,8,Sweatsuit,21,21000000002,21000000002,0xaECD6D9172d602b93dBA3981991268b44af8096e,0xaECD6D9172d602b93dBA3981991268b44af8096e,,,,,Asset is not worn by a Banny and is transferred directly.
0xaECD6D9172d602b93dBA3981991268b44af8096e receives a Geisha Gown Suit asset.,Ethereum,1,7,AirdropV4BannysEthereum7,293,38,standalone_asset,Suit,8,Geisha Gown,23,23000000006,23000000007,0xaECD6D9172d602b93dBA3981991268b44af8096e,0xaECD6D9172d602b93dBA3981991268b44af8096e,,,,,Asset is not worn by a Banny and is transferred directly.
0x823b92d6a4b2AED4b15675c7917c9f922ea8ADAD receives a Geisha Gown Suit asset.,Ethereum,1,7,AirdropV4BannysEthereum7,294,39,standalone_asset,Suit,8,Geisha Gown,23,23000000008,23000000008,0x823b92d6a4b2AED4b15675c7917c9f922ea8ADAD,0x823b92d6a4b2AED4b15675c7917c9f922ea8ADAD,,,,,Asset is not worn by a Banny and is transferred directly.
0xe7879a2D05dBA966Fcca34EE9C3F99eEe7eDEFd1 receives a Jonny Utah Shirt Suit top asset.,Ethereum,1,7,AirdropV4BannysEthereum7,295,40,standalone_asset,Suit top,10,Jonny Utah Shirt,25,25000000001,25000000010,0xe7879a2D05dBA966Fcca34EE9C3F99eEe7eDEFd1,0xe7879a2D05dBA966Fcca34EE9C3F99eEe7eDEFd1,,,,,Asset is not worn by a Banny and is transferred directly.
0xa9d20b435A85fAAa002f32d66F7D21564130E9cf receives a Jonny Utah Shirt Suit top asset.,Ethereum,1,7,AirdropV4BannysEthereum7,296,41,standalone_asset,Suit top,10,Jonny Utah Shirt,25,25000000004,25000000011,0xa9d20b435A85fAAa002f32d66F7D21564130E9cf,0xa9d20b435A85fAAa002f32d66F7D21564130E9cf,,,,,Asset is not worn by a Banny and is transferred directly.
0x35a21F7c053Aed0Dcf9E24BfB100acA163aeDdB2 receives a Jonny Utah Shirt Suit top asset.,Ethereum,1,7,AirdropV4BannysEthereum7,297,42,standalone_asset,Suit top,10,Jonny Utah Shirt,25,25000000012,25000000012,0x35a21F7c053Aed0Dcf9E24BfB100acA163aeDdB2,0x35a21F7c053Aed0Dcf9E24BfB100acA163aeDdB2,,,,,Asset is not worn by a Banny and is transferred directly.
0x35a21F7c053Aed0Dcf9E24BfB100acA163aeDdB2 receives a Doc Coat Suit top asset.,Ethereum,1,7,AirdropV4BannysEthereum7,298,43,standalone_asset,Suit top,10,Doc Coat,26,26000000006,26000000006,0x35a21F7c053Aed0Dcf9E24BfB100acA163aeDdB2,0x35a21F7c053Aed0Dcf9E24BfB100acA163aeDdB2,,,,,Asset is not worn by a Banny and is transferred directly.
0x1c6d61F3d8976A8aCDd311ecdFa533B8ECd0AC61 receives a Doc Coat Suit top asset.,Ethereum,1,7,AirdropV4BannysEthereum7,299,44,standalone_asset,Suit top,10,Doc Coat,26,26000000007,26000000007,0x1c6d61F3d8976A8aCDd311ecdFa533B8ECd0AC61,0x1c6d61F3d8976A8aCDd311ecdFa533B8ECd0AC61,,,,,Asset is not worn by a Banny and is transferred directly.
0x21a8f5A6bF893D43d3964dDaf4E04766BBBE9b07 receives an Irie Shirt Suit top asset.,Ethereum,1,7,AirdropV4BannysEthereum7,300,45,standalone_asset,Suit top,10,Irie Shirt,28,28000000001,28000000003,0x21a8f5A6bF893D43d3964dDaf4E04766BBBE9b07,0x21a8f5A6bF893D43d3964dDaf4E04766BBBE9b07,,,,,Asset is not worn by a Banny and is transferred directly.
0x0447AD1BdC0fFA06f7029c8E63F4De21E65255d2 receives an Irie Shirt Suit top asset.,Ethereum,1,7,AirdropV4BannysEthereum7,301,46,standalone_asset,Suit top,10,Irie Shirt,28,28000000003,28000000004,0x0447AD1BdC0fFA06f7029c8E63F4De21E65255d2,0x0447AD1BdC0fFA06f7029c8E63F4De21E65255d2,,,,,Asset is not worn by a Banny and is transferred directly.
0x87084347AeBADc626e8569E0D386928dade2ba09 receives an Irie Shirt Suit top asset.,Ethereum,1,7,AirdropV4BannysEthereum7,302,47,standalone_asset,Suit top,10,Irie Shirt,28,28000000004,28000000005,0x87084347AeBADc626e8569E0D386928dade2ba09,0x87084347AeBADc626e8569E0D386928dade2ba09,,,,,Asset is not worn by a Banny and is transferred directly.
0x7bE8c264c9DCebA3A35990c78d5C4220D8724B6e receives an Irie Shirt Suit top asset.,Ethereum,1,7,AirdropV4BannysEthereum7,303,48,standalone_asset,Suit top,10,Irie Shirt,28,28000000005,28000000006,0x7bE8c264c9DCebA3A35990c78d5C4220D8724B6e,0x7bE8c264c9DCebA3A35990c78d5C4220D8724B6e,,,,,Asset is not worn by a Banny and is transferred directly.
0x08cF1208e638a5A3623be58d600e35c6199baa9C receives an Irie Shirt Suit top asset.,Ethereum,1,7,AirdropV4BannysEthereum7,304,49,standalone_asset,Suit top,10,Irie Shirt,28,28000000006,28000000007,0x08cF1208e638a5A3623be58d600e35c6199baa9C,0x08cF1208e638a5A3623be58d600e35c6199baa9C,,,,,Asset is not worn by a Banny and is transferred directly.
0x4A8a9147ab0DF5A8949f964bDBA22dc4583280E2 receives an Irie Shirt Suit top asset.,Ethereum,1,7,AirdropV4BannysEthereum7,305,50,standalone_asset,Suit top,10,Irie Shirt,28,28000000007,28000000008,0x4A8a9147ab0DF5A8949f964bDBA22dc4583280E2,0x4A8a9147ab0DF5A8949f964bDBA22dc4583280E2,,,,,Asset is not worn by a Banny and is transferred directly.
0x35a21F7c053Aed0Dcf9E24BfB100acA163aeDdB2 receives an Irie Shirt Suit top asset.,Ethereum,1,7,AirdropV4BannysEthereum7,306,51,standalone_asset,Suit top,10,Irie Shirt,28,28000000009,28000000009,0x35a21F7c053Aed0Dcf9E24BfB100acA163aeDdB2,0x35a21F7c053Aed0Dcf9E24BfB100acA163aeDdB2,,,,,Asset is not worn by a Banny and is transferred directly.
0x1Ae766cc5947e1E4C3538EE1F3f47063D2B40E79 receives a Punk Jacket Suit top asset.,Ethereum,1,7,AirdropV4BannysEthereum7,307,52,standalone_asset,Suit top,10,Punk Jacket,29,29000000001,29000000003,0x1Ae766cc5947e1E4C3538EE1F3f47063D2B40E79,0x1Ae766cc5947e1E4C3538EE1F3f47063D2B40E79,,,,,Asset is not worn by a Banny and is transferred directly.
0x7a16eABD1413Bfd468aE9fEBF7C26c62f1fFdc59 receives a Zucco Tshirt Suit top asset.,Ethereum,1,7,AirdropV4BannysEthereum7,308,53,standalone_asset,Suit top,10,Zucco Tshirt,31,31000000001,31000000009,0x7a16eABD1413Bfd468aE9fEBF7C26c62f1fFdc59,0x7a16eABD1413Bfd468aE9fEBF7C26c62f1fFdc59,,,,,Asset is not worn by a Banny and is transferred directly.
0xf0FE43a75Ff248FD2E75D33fa1ebde71c6d1abAd receives a Zucco Tshirt Suit top asset.,Ethereum,1,7,AirdropV4BannysEthereum7,309,54,standalone_asset,Suit top,10,Zucco Tshirt,31,31000000004,31000000010,0xf0FE43a75Ff248FD2E75D33fa1ebde71c6d1abAd,0xf0FE43a75Ff248FD2E75D33fa1ebde71c6d1abAd,,,,,Asset is not worn by a Banny and is transferred directly.
0x08cEb8Bba685ee708C9c4c65576837cbE19B9dea receives a Zucco Tshirt Suit top asset.,Ethereum,1,7,AirdropV4BannysEthereum7,310,55,standalone_asset,Suit top,10,Zucco Tshirt,31,31000000005,31000000011,0x08cEb8Bba685ee708C9c4c65576837cbE19B9dea,0x08cEb8Bba685ee708C9c4c65576837cbE19B9dea,,,,,Asset is not worn by a Banny and is transferred directly.
0x08cF1208e638a5A3623be58d600e35c6199baa9C receives a Zucco Tshirt Suit top asset.,Ethereum,1,7,AirdropV4BannysEthereum7,311,56,standalone_asset,Suit top,10,Zucco Tshirt,31,31000000008,31000000012,0x08cF1208e638a5A3623be58d600e35c6199baa9C,0x08cF1208e638a5A3623be58d600e35c6199baa9C,,,,,Asset is not worn by a Banny and is transferred directly.
0x35a21F7c053Aed0Dcf9E24BfB100acA163aeDdB2 receives a Zucco Tshirt Suit top asset.,Ethereum,1,7,AirdropV4BannysEthereum7,312,57,standalone_asset,Suit top,10,Zucco Tshirt,31,31000000012,31000000013,0x35a21F7c053Aed0Dcf9E24BfB100acA163aeDdB2,0x35a21F7c053Aed0Dcf9E24BfB100acA163aeDdB2,,,,,Asset is not worn by a Banny and is transferred directly.
0x45C3d8Aacc0d537dAc234AD4C20Ef05d6041CeFe receives an Ice Cube Suit top asset.,Ethereum,1,7,AirdropV4BannysEthereum7,313,58,standalone_asset,Suit top,10,Ice Cube,32,32000000004,32000000004,0x45C3d8Aacc0d537dAc234AD4C20Ef05d6041CeFe,0x45C3d8Aacc0d537dAc234AD4C20Ef05d6041CeFe,,,,,Asset is not worn by a Banny and is transferred directly.
0xaECD6D9172d602b93dBA3981991268b44af8096e receives an Ice Cube Suit top asset.,Ethereum,1,7,AirdropV4BannysEthereum7,314,59,standalone_asset,Suit top,10,Ice Cube,32,32000000005,32000000005,0xaECD6D9172d602b93dBA3981991268b44af8096e,0xaECD6D9172d602b93dBA3981991268b44af8096e,,,,,Asset is not worn by a Banny and is transferred directly.
0xaECD6D9172d602b93dBA3981991268b44af8096e receives a Club Beanie Head top asset.,Ethereum,1,7,AirdropV4BannysEthereum7,315,60,standalone_asset,Head top,11,Club Beanie,33,33000000002,33000000002,0xaECD6D9172d602b93dBA3981991268b44af8096e,0xaECD6D9172d602b93dBA3981991268b44af8096e,,,,,Asset is not worn by a Banny and is transferred directly.
0xa9d20b435A85fAAa002f32d66F7D21564130E9cf receives a Farmer Hat Head top asset.,Ethereum,1,7,AirdropV4BannysEthereum7,316,61,standalone_asset,Head top,11,Farmer Hat,35,35000000005,35000000007,0xa9d20b435A85fAAa002f32d66F7D21564130E9cf,0xa9d20b435A85fAAa002f32d66F7D21564130E9cf,,,,,Asset is not worn by a Banny and is transferred directly.
0x15b61e9b0637f45dc0858f083cd240267924125d receives a Farmer Hat Head top asset.,Ethereum,1,7,AirdropV4BannysEthereum7,317,62,standalone_asset,Head top,11,Farmer Hat,35,35000000008,35000000008,0x15b61e9b0637f45dc0858f083cd240267924125d,0x15b61e9b0637f45dc0858f083cd240267924125d,,,,,Asset is not worn by a Banny and is transferred directly.
0xaECD6D9172d602b93dBA3981991268b44af8096e receives a Farmer Hat Head top asset.,Ethereum,1,7,AirdropV4BannysEthereum7,318,63,standalone_asset,Head top,11,Farmer Hat,35,35000000009,35000000009,0xaECD6D9172d602b93dBA3981991268b44af8096e,0xaECD6D9172d602b93dBA3981991268b44af8096e,,,,,Asset is not worn by a Banny and is transferred directly.
0x1Ae766cc5947e1E4C3538EE1F3f47063D2B40E79 receives a Headphones Head top asset.,Ethereum,1,7,AirdropV4BannysEthereum7,319,64,standalone_asset,Head top,11,Headphones,37,37000000002,37000000003,0x1Ae766cc5947e1E4C3538EE1F3f47063D2B40E79,0x1Ae766cc5947e1E4C3538EE1F3f47063D2B40E79,,,,,Asset is not worn by a Banny and is transferred directly.
0x823b92d6a4b2AED4b15675c7917c9f922ea8ADAD receives a Headphones Head top asset.,Ethereum,1,7,AirdropV4BannysEthereum7,320,65,standalone_asset,Head top,11,Headphones,37,37000000004,37000000004,0x823b92d6a4b2AED4b15675c7917c9f922ea8ADAD,0x823b92d6a4b2AED4b15675c7917c9f922ea8ADAD,,,,,Asset is not worn by a Banny and is transferred directly.
0x823b92d6a4b2AED4b15675c7917c9f922ea8ADAD receives a Peach Hair Head top asset.,Ethereum,1,7,AirdropV4BannysEthereum7,321,66,standalone_asset,Head top,11,Peach Hair,39,39000000004,39000000004,0x823b92d6a4b2AED4b15675c7917c9f922ea8ADAD,0x823b92d6a4b2AED4b15675c7917c9f922ea8ADAD,,,,,Asset is not worn by a Banny and is transferred directly.
0x35a21F7c053Aed0Dcf9E24BfB100acA163aeDdB2 receives a Proff Hair Head top asset.,Ethereum,1,7,AirdropV4BannysEthereum7,322,67,standalone_asset,Head top,11,Proff Hair,40,40000000002,40000000002,0x35a21F7c053Aed0Dcf9E24BfB100acA163aeDdB2,0x35a21F7c053Aed0Dcf9E24BfB100acA163aeDdB2,,,,,Asset is not worn by a Banny and is transferred directly.
0x1c6d61F3d8976A8aCDd311ecdFa533B8ECd0AC61 receives a Proff Hair Head top asset.,Ethereum,1,7,AirdropV4BannysEthereum7,323,68,standalone_asset,Head top,11,Proff Hair,40,40000000003,40000000003,0x1c6d61F3d8976A8aCDd311ecdFa533B8ECd0AC61,0x1c6d61F3d8976A8aCDd311ecdFa533B8ECd0AC61,,,,,Asset is not worn by a Banny and is transferred directly.
0x1c6d61F3d8976A8aCDd311ecdFa533B8ECd0AC61 receives a Catana Fist asset.,Ethereum,1,7,AirdropV4BannysEthereum7,324,69,standalone_asset,Fist,12,Catana,41,41000000005,41000000005,0x1c6d61F3d8976A8aCDd311ecdFa533B8ECd0AC61,0x1c6d61F3d8976A8aCDd311ecdFa533B8ECd0AC61,,,,,Asset is not worn by a Banny and is transferred directly.
0x961d4191965C49537c88F764D88318872CE405bE receives a Chefs Knife Fist asset.,Ethereum,1,7,AirdropV4BannysEthereum7,325,70,standalone_asset,Fist,12,Chefs Knife,42,42000000001,42000000004,0x961d4191965C49537c88F764D88318872CE405bE,0x961d4191965C49537c88F764D88318872CE405bE,,,,,Asset is not worn by a Banny and is transferred directly.
0xf0FE43a75Ff248FD2E75D33fa1ebde71c6d1abAd receives a Chefs Knife Fist asset.,Ethereum,1,7,AirdropV4BannysEthereum7,326,71,standalone_asset,Fist,12,Chefs Knife,42,42000000003,42000000005,0xf0FE43a75Ff248FD2E75D33fa1ebde71c6d1abAd,0xf0FE43a75Ff248FD2E75D33fa1ebde71c6d1abAd,,,,,Asset is not worn by a Banny and is transferred directly.
0xaECD6D9172d602b93dBA3981991268b44af8096e receives a Chefs Knife Fist asset.,Ethereum,1,7,AirdropV4BannysEthereum7,327,72,standalone_asset,Fist,12,Chefs Knife,42,42000000005,42000000006,0xaECD6D9172d602b93dBA3981991268b44af8096e,0xaECD6D9172d602b93dBA3981991268b44af8096e,,,,,Asset is not worn by a Banny and is transferred directly.
0xaECD6D9172d602b93dBA3981991268b44af8096e receives a Chefs Knife Fist asset.,Ethereum,1,7,AirdropV4BannysEthereum7,328,73,standalone_asset,Fist,12,Chefs Knife,42,42000000006,42000000007,0xaECD6D9172d602b93dBA3981991268b44af8096e,0xaECD6D9172d602b93dBA3981991268b44af8096e,,,,,Asset is not worn by a Banny and is transferred directly.
0x823b92d6a4b2AED4b15675c7917c9f922ea8ADAD receives a Chefs Knife Fist asset.,Ethereum,1,7,AirdropV4BannysEthereum7,329,74,standalone_asset,Fist,12,Chefs Knife,42,42000000008,42000000008,0x823b92d6a4b2AED4b15675c7917c9f922ea8ADAD,0x823b92d6a4b2AED4b15675c7917c9f922ea8ADAD,,,,,Asset is not worn by a Banny and is transferred directly.
0x823b92d6a4b2AED4b15675c7917c9f922ea8ADAD receives a Chefs Knife Fist asset.,Ethereum,1,7,AirdropV4BannysEthereum7,330,75,standalone_asset,Fist,12,Chefs Knife,42,42000000009,42000000009,0x823b92d6a4b2AED4b15675c7917c9f922ea8ADAD,0x823b92d6a4b2AED4b15675c7917c9f922ea8ADAD,,,,,Asset is not worn by a Banny and is transferred directly.
0x823b92d6a4b2AED4b15675c7917c9f922ea8ADAD receives a Chefs Knife Fist asset.,Ethereum,1,7,AirdropV4BannysEthereum7,331,76,standalone_asset,Fist,12,Chefs Knife,42,42000000010,42000000010,0x823b92d6a4b2AED4b15675c7917c9f922ea8ADAD,0x823b92d6a4b2AED4b15675c7917c9f922ea8ADAD,,,,,Asset is not worn by a Banny and is transferred directly.
0x823b92d6a4b2AED4b15675c7917c9f922ea8ADAD receives a Chefs Knife Fist asset.,Ethereum,1,7,AirdropV4BannysEthereum7,332,77,standalone_asset,Fist,12,Chefs Knife,42,42000000011,42000000011,0x823b92d6a4b2AED4b15675c7917c9f922ea8ADAD,0x823b92d6a4b2AED4b15675c7917c9f922ea8ADAD,,,,,Asset is not worn by a Banny and is transferred directly.
0x823b92d6a4b2AED4b15675c7917c9f922ea8ADAD receives a Chefs Knife Fist asset.,Ethereum,1,7,AirdropV4BannysEthereum7,333,78,standalone_asset,Fist,12,Chefs Knife,42,42000000012,42000000012,0x823b92d6a4b2AED4b15675c7917c9f922ea8ADAD,0x823b92d6a4b2AED4b15675c7917c9f922ea8ADAD,,,,,Asset is not worn by a Banny and is transferred directly.
0x823b92d6a4b2AED4b15675c7917c9f922ea8ADAD receives a Chefs Knife Fist asset.,Ethereum,1,7,AirdropV4BannysEthereum7,334,79,standalone_asset,Fist,12,Chefs Knife,42,42000000013,42000000013,0x823b92d6a4b2AED4b15675c7917c9f922ea8ADAD,0x823b92d6a4b2AED4b15675c7917c9f922ea8ADAD,,,,,Asset is not worn by a Banny and is transferred directly.
0x823b92d6a4b2AED4b15675c7917c9f922ea8ADAD receives a Chefs Knife Fist asset.,Ethereum,1,7,AirdropV4BannysEthereum7,335,80,standalone_asset,Fist,12,Chefs Knife,42,42000000014,42000000014,0x823b92d6a4b2AED4b15675c7917c9f922ea8ADAD,0x823b92d6a4b2AED4b15675c7917c9f922ea8ADAD,,,,,Asset is not worn by a Banny and is transferred directly.
0x823b92d6a4b2AED4b15675c7917c9f922ea8ADAD receives a Chefs Knife Fist asset.,Ethereum,1,7,AirdropV4BannysEthereum7,336,81,standalone_asset,Fist,12,Chefs Knife,42,42000000015,42000000015,0x823b92d6a4b2AED4b15675c7917c9f922ea8ADAD,0x823b92d6a4b2AED4b15675c7917c9f922ea8ADAD,,,,,Asset is not worn by a Banny and is transferred directly.
0x823b92d6a4b2AED4b15675c7917c9f922ea8ADAD receives a Chefs Knife Fist asset.,Ethereum,1,7,AirdropV4BannysEthereum7,337,82,standalone_asset,Fist,12,Chefs Knife,42,42000000016,42000000016,0x823b92d6a4b2AED4b15675c7917c9f922ea8ADAD,0x823b92d6a4b2AED4b15675c7917c9f922ea8ADAD,,,,,Asset is not worn by a Banny and is transferred directly.
0x823b92d6a4b2AED4b15675c7917c9f922ea8ADAD receives a Chefs Knife Fist asset.,Ethereum,1,7,AirdropV4BannysEthereum7,338,83,standalone_asset,Fist,12,Chefs Knife,42,42000000017,42000000017,0x823b92d6a4b2AED4b15675c7917c9f922ea8ADAD,0x823b92d6a4b2AED4b15675c7917c9f922ea8ADAD,,,,,Asset is not worn by a Banny and is transferred directly.
0x823b92d6a4b2AED4b15675c7917c9f922ea8ADAD receives a Chefs Knife Fist asset.,Ethereum,1,7,AirdropV4BannysEthereum7,339,84,standalone_asset,Fist,12,Chefs Knife,42,42000000018,42000000018,0x823b92d6a4b2AED4b15675c7917c9f922ea8ADAD,0x823b92d6a4b2AED4b15675c7917c9f922ea8ADAD,,,,,Asset is not worn by a Banny and is transferred directly.
0x35a21F7c053Aed0Dcf9E24BfB100acA163aeDdB2 receives a Chefs Knife Fist asset.,Ethereum,1,7,AirdropV4BannysEthereum7,340,85,standalone_asset,Fist,12,Chefs Knife,42,42000000019,42000000019,0x35a21F7c053Aed0Dcf9E24BfB100acA163aeDdB2,0x35a21F7c053Aed0Dcf9E24BfB100acA163aeDdB2,,,,,Asset is not worn by a Banny and is transferred directly.
0x21a8f5A6bF893D43d3964dDaf4E04766BBBE9b07 receives a Cheap Beer Fist asset.,Ethereum,1,7,AirdropV4BannysEthereum7,341,86,standalone_asset,Fist,12,Cheap Beer,43,43000000001,43000000008,0x21a8f5A6bF893D43d3964dDaf4E04766BBBE9b07,0x21a8f5A6bF893D43d3964dDaf4E04766BBBE9b07,,,,,Asset is not worn by a Banny and is transferred directly.
0xe7879a2D05dBA966Fcca34EE9C3F99eEe7eDEFd1 receives a Cheap Beer Fist asset.,Ethereum,1,7,AirdropV4BannysEthereum7,342,87,standalone_asset,Fist,12,Cheap Beer,43,43000000002,43000000009,0xe7879a2D05dBA966Fcca34EE9C3F99eEe7eDEFd1,0xe7879a2D05dBA966Fcca34EE9C3F99eEe7eDEFd1,,,,,Asset is not worn by a Banny and is transferred directly.
0x1786D033D5CbCC235B673e872c7613c2F83DA583 receives a Cheap Beer Fist asset.,Ethereum,1,7,AirdropV4BannysEthereum7,343,88,standalone_asset,Fist,12,Cheap Beer,43,43000000004,43000000010,0x1786D033D5CbCC235B673e872c7613c2F83DA583,0x1786D033D5CbCC235B673e872c7613c2F83DA583,,,,,Asset is not worn by a Banny and is transferred directly.
0x1Ae766cc5947e1E4C3538EE1F3f47063D2B40E79 receives a Cheap Beer Fist asset.,Ethereum,1,7,AirdropV4BannysEthereum7,344,89,standalone_asset,Fist,12,Cheap Beer,43,43000000009,43000000011,0x1Ae766cc5947e1E4C3538EE1F3f47063D2B40E79,0x1Ae766cc5947e1E4C3538EE1F3f47063D2B40E79,,,,,Asset is not worn by a Banny and is transferred directly.
0x4A8a9147ab0DF5A8949f964bDBA22dc4583280E2 receives a Cheap Beer Fist asset.,Ethereum,1,7,AirdropV4BannysEthereum7,345,90,standalone_asset,Fist,12,Cheap Beer,43,43000000010,43000000012,0x4A8a9147ab0DF5A8949f964bDBA22dc4583280E2,0x4A8a9147ab0DF5A8949f964bDBA22dc4583280E2,,,,,Asset is not worn by a Banny and is transferred directly.
0x823b92d6a4b2AED4b15675c7917c9f922ea8ADAD receives a Cheap Beer Fist asset.,Ethereum,1,7,AirdropV4BannysEthereum7,346,91,standalone_asset,Fist,12,Cheap Beer,43,43000000011,43000000013,0x823b92d6a4b2AED4b15675c7917c9f922ea8ADAD,0x823b92d6a4b2AED4b15675c7917c9f922ea8ADAD,,,,,Asset is not worn by a Banny and is transferred directly.
0x823b92d6a4b2AED4b15675c7917c9f922ea8ADAD receives a Cheap Beer Fist asset.,Ethereum,1,7,AirdropV4BannysEthereum7,347,92,standalone_asset,Fist,12,Cheap Beer,43,43000000012,43000000014,0x823b92d6a4b2AED4b15675c7917c9f922ea8ADAD,0x823b92d6a4b2AED4b15675c7917c9f922ea8ADAD,,,,,Asset is not worn by a Banny and is transferred directly.
0x823b92d6a4b2AED4b15675c7917c9f922ea8ADAD receives a Cheap Beer Fist asset.,Ethereum,1,7,AirdropV4BannysEthereum7,348,93,standalone_asset,Fist,12,Cheap Beer,43,43000000013,43000000015,0x823b92d6a4b2AED4b15675c7917c9f922ea8ADAD,0x823b92d6a4b2AED4b15675c7917c9f922ea8ADAD,,,,,Asset is not worn by a Banny and is transferred directly.
0x823b92d6a4b2AED4b15675c7917c9f922ea8ADAD receives a Cheap Beer Fist asset.,Ethereum,1,7,AirdropV4BannysEthereum7,349,94,standalone_asset,Fist,12,Cheap Beer,43,43000000014,43000000016,0x823b92d6a4b2AED4b15675c7917c9f922ea8ADAD,0x823b92d6a4b2AED4b15675c7917c9f922ea8ADAD,,,,,Asset is not worn by a Banny and is transferred directly.
0x823b92d6a4b2AED4b15675c7917c9f922ea8ADAD receives a Cheap Beer Fist asset.,Ethereum,1,7,AirdropV4BannysEthereum7,350,95,standalone_asset,Fist,12,Cheap Beer,43,43000000015,43000000017,0x823b92d6a4b2AED4b15675c7917c9f922ea8ADAD,0x823b92d6a4b2AED4b15675c7917c9f922ea8ADAD,,,,,Asset is not worn by a Banny and is transferred directly.
0x823b92d6a4b2AED4b15675c7917c9f922ea8ADAD receives a Cheap Beer Fist asset.,Ethereum,1,7,AirdropV4BannysEthereum7,351,96,standalone_asset,Fist,12,Cheap Beer,43,43000000016,43000000018,0x823b92d6a4b2AED4b15675c7917c9f922ea8ADAD,0x823b92d6a4b2AED4b15675c7917c9f922ea8ADAD,,,,,Asset is not worn by a Banny and is transferred directly.
0x4A290F18c35bBFE97B2557cf765De9387726dE39 receives a Constitution Fist asset.,Ethereum,1,7,AirdropV4BannysEthereum7,352,97,standalone_asset,Fist,12,Constitution,44,44000000002,44000000006,0x4A290F18c35bBFE97B2557cf765De9387726dE39,0x4A290F18c35bBFE97B2557cf765De9387726dE39,,,,,Asset is not worn by a Banny and is transferred directly.
0x38EED3CCeED88f380E436eb21811250797c453C5 receives a Constitution Fist asset.,Ethereum,1,7,AirdropV4BannysEthereum7,353,98,standalone_asset,Fist,12,Constitution,44,44000000005,44000000007,0x38EED3CCeED88f380E436eb21811250797c453C5,0x38EED3CCeED88f380E436eb21811250797c453C5,,,,,Asset is not worn by a Banny and is transferred directly.
0xa9d20b435A85fAAa002f32d66F7D21564130E9cf receives a Constitution Fist asset.,Ethereum,1,7,AirdropV4BannysEthereum7,354,99,standalone_asset,Fist,12,Constitution,44,44000000006,44000000008,0xa9d20b435A85fAAa002f32d66F7D21564130E9cf,0xa9d20b435A85fAAa002f32d66F7D21564130E9cf,,,,,Asset is not worn by a Banny and is transferred directly.
0x45C3d8Aacc0d537dAc234AD4C20Ef05d6041CeFe receives a Constitution Fist asset.,Ethereum,1,7,AirdropV4BannysEthereum7,355,100,standalone_asset,Fist,12,Constitution,44,44000000007,44000000009,0x45C3d8Aacc0d537dAc234AD4C20Ef05d6041CeFe,0x45C3d8Aacc0d537dAc234AD4C20Ef05d6041CeFe,,,,,Asset is not worn by a Banny and is transferred directly.
0xaECD6D9172d602b93dBA3981991268b44af8096e receives a Constitution Fist asset.,Ethereum,1,7,AirdropV4BannysEthereum7,356,101,standalone_asset,Fist,12,Constitution,44,44000000010,44000000010,0xaECD6D9172d602b93dBA3981991268b44af8096e,0xaECD6D9172d602b93dBA3981991268b44af8096e,,,,,Asset is not worn by a Banny and is transferred directly.
0x823b92d6a4b2AED4b15675c7917c9f922ea8ADAD receives a Constitution Fist asset.,Ethereum,1,7,AirdropV4BannysEthereum7,357,102,standalone_asset,Fist,12,Constitution,44,44000000011,44000000011,0x823b92d6a4b2AED4b15675c7917c9f922ea8ADAD,0x823b92d6a4b2AED4b15675c7917c9f922ea8ADAD,,,,,Asset is not worn by a Banny and is transferred directly.
0x823b92d6a4b2AED4b15675c7917c9f922ea8ADAD receives a Constitution Fist asset.,Ethereum,1,7,AirdropV4BannysEthereum7,358,103,standalone_asset,Fist,12,Constitution,44,44000000012,44000000012,0x823b92d6a4b2AED4b15675c7917c9f922ea8ADAD,0x823b92d6a4b2AED4b15675c7917c9f922ea8ADAD,,,,,Asset is not worn by a Banny and is transferred directly.
0x823b92d6a4b2AED4b15675c7917c9f922ea8ADAD receives a Constitution Fist asset.,Ethereum,1,7,AirdropV4BannysEthereum7,359,104,standalone_asset,Fist,12,Constitution,44,44000000013,44000000013,0x823b92d6a4b2AED4b15675c7917c9f922ea8ADAD,0x823b92d6a4b2AED4b15675c7917c9f922ea8ADAD,,,,,Asset is not worn by a Banny and is transferred directly.
0x823b92d6a4b2AED4b15675c7917c9f922ea8ADAD receives a Constitution Fist asset.,Ethereum,1,7,AirdropV4BannysEthereum7,360,105,standalone_asset,Fist,12,Constitution,44,44000000014,44000000014,0x823b92d6a4b2AED4b15675c7917c9f922ea8ADAD,0x823b92d6a4b2AED4b15675c7917c9f922ea8ADAD,,,,,Asset is not worn by a Banny and is transferred directly.
0xaECD6D9172d602b93dBA3981991268b44af8096e receives a Constitution Fist asset.,Ethereum,1,7,AirdropV4BannysEthereum7,361,106,standalone_asset,Fist,12,Constitution,44,44000000015,44000000015,0xaECD6D9172d602b93dBA3981991268b44af8096e,0xaECD6D9172d602b93dBA3981991268b44af8096e,,,,,Asset is not worn by a Banny and is transferred directly.
0xaECD6D9172d602b93dBA3981991268b44af8096e receives a Constitution Fist asset.,Ethereum,1,7,AirdropV4BannysEthereum7,362,107,standalone_asset,Fist,12,Constitution,44,44000000016,44000000016,0xaECD6D9172d602b93dBA3981991268b44af8096e,0xaECD6D9172d602b93dBA3981991268b44af8096e,,,,,Asset is not worn by a Banny and is transferred directly.
0xaECD6D9172d602b93dBA3981991268b44af8096e receives a Constitution Fist asset.,Ethereum,1,7,AirdropV4BannysEthereum7,363,108,standalone_asset,Fist,12,Constitution,44,44000000017,44000000017,0xaECD6D9172d602b93dBA3981991268b44af8096e,0xaECD6D9172d602b93dBA3981991268b44af8096e,,,,,Asset is not worn by a Banny and is transferred directly.
0xaECD6D9172d602b93dBA3981991268b44af8096e receives a Constitution Fist asset.,Ethereum,1,7,AirdropV4BannysEthereum7,364,109,standalone_asset,Fist,12,Constitution,44,44000000018,44000000018,0xaECD6D9172d602b93dBA3981991268b44af8096e,0xaECD6D9172d602b93dBA3981991268b44af8096e,,,,,Asset is not worn by a Banny and is transferred directly.
0xaECD6D9172d602b93dBA3981991268b44af8096e receives a Constitution Fist asset.,Ethereum,1,7,AirdropV4BannysEthereum7,365,110,standalone_asset,Fist,12,Constitution,44,44000000019,44000000019,0xaECD6D9172d602b93dBA3981991268b44af8096e,0xaECD6D9172d602b93dBA3981991268b44af8096e,,,,,Asset is not worn by a Banny and is transferred directly.
0xaECD6D9172d602b93dBA3981991268b44af8096e receives a Constitution Fist asset.,Ethereum,1,7,AirdropV4BannysEthereum7,366,111,standalone_asset,Fist,12,Constitution,44,44000000020,44000000020,0xaECD6D9172d602b93dBA3981991268b44af8096e,0xaECD6D9172d602b93dBA3981991268b44af8096e,,,,,Asset is not worn by a Banny and is transferred directly.
0xaECD6D9172d602b93dBA3981991268b44af8096e receives a Constitution Fist asset.,Ethereum,1,7,AirdropV4BannysEthereum7,367,112,standalone_asset,Fist,12,Constitution,44,44000000021,44000000021,0xaECD6D9172d602b93dBA3981991268b44af8096e,0xaECD6D9172d602b93dBA3981991268b44af8096e,,,,,Asset is not worn by a Banny and is transferred directly.
0xaECD6D9172d602b93dBA3981991268b44af8096e receives a Constitution Fist asset.,Ethereum,1,7,AirdropV4BannysEthereum7,368,113,standalone_asset,Fist,12,Constitution,44,44000000022,44000000022,0xaECD6D9172d602b93dBA3981991268b44af8096e,0xaECD6D9172d602b93dBA3981991268b44af8096e,,,,,Asset is not worn by a Banny and is transferred directly.
0xaECD6D9172d602b93dBA3981991268b44af8096e receives a Constitution Fist asset.,Ethereum,1,7,AirdropV4BannysEthereum7,369,114,standalone_asset,Fist,12,Constitution,44,44000000023,44000000023,0xaECD6D9172d602b93dBA3981991268b44af8096e,0xaECD6D9172d602b93dBA3981991268b44af8096e,,,,,Asset is not worn by a Banny and is transferred directly.
0xaECD6D9172d602b93dBA3981991268b44af8096e receives a Constitution Fist asset.,Ethereum,1,7,AirdropV4BannysEthereum7,370,115,standalone_asset,Fist,12,Constitution,44,44000000024,44000000024,0xaECD6D9172d602b93dBA3981991268b44af8096e,0xaECD6D9172d602b93dBA3981991268b44af8096e,,,,,Asset is not worn by a Banny and is transferred directly.
0xaECD6D9172d602b93dBA3981991268b44af8096e receives a Constitution Fist asset.,Ethereum,1,7,AirdropV4BannysEthereum7,371,116,standalone_asset,Fist,12,Constitution,44,44000000025,44000000025,0xaECD6D9172d602b93dBA3981991268b44af8096e,0xaECD6D9172d602b93dBA3981991268b44af8096e,,,,,Asset is not worn by a Banny and is transferred directly.
0xaECD6D9172d602b93dBA3981991268b44af8096e receives a Constitution Fist asset.,Ethereum,1,7,AirdropV4BannysEthereum7,372,117,standalone_asset,Fist,12,Constitution,44,44000000026,44000000026,0xaECD6D9172d602b93dBA3981991268b44af8096e,0xaECD6D9172d602b93dBA3981991268b44af8096e,,,,,Asset is not worn by a Banny and is transferred directly.
0xaECD6D9172d602b93dBA3981991268b44af8096e receives a Constitution Fist asset.,Ethereum,1,7,AirdropV4BannysEthereum7,373,118,standalone_asset,Fist,12,Constitution,44,44000000027,44000000027,0xaECD6D9172d602b93dBA3981991268b44af8096e,0xaECD6D9172d602b93dBA3981991268b44af8096e,,,,,Asset is not worn by a Banny and is transferred directly.
0xaECD6D9172d602b93dBA3981991268b44af8096e receives a Constitution Fist asset.,Ethereum,1,7,AirdropV4BannysEthereum7,374,119,standalone_asset,Fist,12,Constitution,44,44000000028,44000000028,0xaECD6D9172d602b93dBA3981991268b44af8096e,0xaECD6D9172d602b93dBA3981991268b44af8096e,,,,,Asset is not worn by a Banny and is transferred directly.
0xaECD6D9172d602b93dBA3981991268b44af8096e receives a Constitution Fist asset.,Ethereum,1,7,AirdropV4BannysEthereum7,375,120,standalone_asset,Fist,12,Constitution,44,44000000029,44000000029,0xaECD6D9172d602b93dBA3981991268b44af8096e,0xaECD6D9172d602b93dBA3981991268b44af8096e,,,,,Asset is not worn by a Banny and is transferred directly.
0xaECD6D9172d602b93dBA3981991268b44af8096e receives a Constitution Fist asset.,Ethereum,1,7,AirdropV4BannysEthereum7,376,121,standalone_asset,Fist,12,Constitution,44,44000000030,44000000030,0xaECD6D9172d602b93dBA3981991268b44af8096e,0xaECD6D9172d602b93dBA3981991268b44af8096e,,,,,Asset is not worn by a Banny and is transferred directly.
0xaECD6D9172d602b93dBA3981991268b44af8096e receives a Constitution Fist asset.,Ethereum,1,7,AirdropV4BannysEthereum7,377,122,standalone_asset,Fist,12,Constitution,44,44000000031,44000000031,0xaECD6D9172d602b93dBA3981991268b44af8096e,0xaECD6D9172d602b93dBA3981991268b44af8096e,,,,,Asset is not worn by a Banny and is transferred directly.
0xaECD6D9172d602b93dBA3981991268b44af8096e receives a Constitution Fist asset.,Ethereum,1,7,AirdropV4BannysEthereum7,378,123,standalone_asset,Fist,12,Constitution,44,44000000032,44000000032,0xaECD6D9172d602b93dBA3981991268b44af8096e,0xaECD6D9172d602b93dBA3981991268b44af8096e,,,,,Asset is not worn by a Banny and is transferred directly.
0xaECD6D9172d602b93dBA3981991268b44af8096e receives a Constitution Fist asset.,Ethereum,1,7,AirdropV4BannysEthereum7,379,124,standalone_asset,Fist,12,Constitution,44,44000000033,44000000033,0xaECD6D9172d602b93dBA3981991268b44af8096e,0xaECD6D9172d602b93dBA3981991268b44af8096e,,,,,Asset is not worn by a Banny and is transferred directly.
0x35a21F7c053Aed0Dcf9E24BfB100acA163aeDdB2 receives a Constitution Fist asset.,Ethereum,1,7,AirdropV4BannysEthereum7,380,125,standalone_asset,Fist,12,Constitution,44,44000000034,44000000034,0x35a21F7c053Aed0Dcf9E24BfB100acA163aeDdB2,0x35a21F7c053Aed0Dcf9E24BfB100acA163aeDdB2,,,,,Asset is not worn by a Banny and is transferred directly.
0x7a16eABD1413Bfd468aE9fEBF7C26c62f1fFdc59 receives a Lightsaber Fist asset.,Ethereum,1,7,AirdropV4BannysEthereum7,381,126,standalone_asset,Fist,12,Lightsaber,47,47000000001,47000000003,0x7a16eABD1413Bfd468aE9fEBF7C26c62f1fFdc59,0x7a16eABD1413Bfd468aE9fEBF7C26c62f1fFdc59,,,,,Asset is not worn by a Banny and is transferred directly.
0x0447AD1BdC0fFA06f7029c8E63F4De21E65255d2 receives a Lightsaber Fist asset.,Ethereum,1,7,AirdropV4BannysEthereum7,382,127,standalone_asset,Fist,12,Lightsaber,47,47000000002,47000000004,0x0447AD1BdC0fFA06f7029c8E63F4De21E65255d2,0x0447AD1BdC0fFA06f7029c8E63F4De21E65255d2,,,,,Asset is not worn by a Banny and is transferred directly.
0x08cF1208e638a5A3623be58d600e35c6199baa9C receives a Lightsaber Fist asset.,Ethereum,1,7,AirdropV4BannysEthereum7,383,128,standalone_asset,Fist,12,Lightsaber,47,47000000004,47000000005,0x08cF1208e638a5A3623be58d600e35c6199baa9C,0x08cF1208e638a5A3623be58d600e35c6199baa9C,,,,,Asset is not worn by a Banny and is transferred directly.
0xaECD6D9172d602b93dBA3981991268b44af8096e receives a Lightsaber Fist asset.,Ethereum,1,7,AirdropV4BannysEthereum7,384,129,standalone_asset,Fist,12,Lightsaber,47,47000000006,47000000006,0xaECD6D9172d602b93dBA3981991268b44af8096e,0xaECD6D9172d602b93dBA3981991268b44af8096e,,,,,Asset is not worn by a Banny and is transferred directly.
0xe21A272c4D22eD40678a0168b4acd006bca8A482 receives a Lightsaber Fist asset.,Ethereum,1,7,AirdropV4BannysEthereum7,385,130,standalone_asset,Fist,12,Lightsaber,47,47000000007,47000000007,0xe21A272c4D22eD40678a0168b4acd006bca8A482,0xe21A272c4D22eD40678a0168b4acd006bca8A482,,,,,Asset is not worn by a Banny and is transferred directly.
0x45C3d8Aacc0d537dAc234AD4C20Ef05d6041CeFe receives a Lightsaber Fist asset.,Ethereum,1,7,AirdropV4BannysEthereum7,386,131,standalone_asset,Fist,12,Lightsaber,47,47000000008,47000000008,0x45C3d8Aacc0d537dAc234AD4C20Ef05d6041CeFe,0x45C3d8Aacc0d537dAc234AD4C20Ef05d6041CeFe,,,,,Asset is not worn by a Banny and is transferred directly.
0x823b92d6a4b2AED4b15675c7917c9f922ea8ADAD receives a Lightsaber Fist asset.,Ethereum,1,7,AirdropV4BannysEthereum7,387,132,standalone_asset,Fist,12,Lightsaber,47,47000000009,47000000009,0x823b92d6a4b2AED4b15675c7917c9f922ea8ADAD,0x823b92d6a4b2AED4b15675c7917c9f922ea8ADAD,,,,,Asset is not worn by a Banny and is transferred directly.
0x823b92d6a4b2AED4b15675c7917c9f922ea8ADAD receives a Lightsaber Fist asset.,Ethereum,1,7,AirdropV4BannysEthereum7,388,133,standalone_asset,Fist,12,Lightsaber,47,47000000010,47000000010,0x823b92d6a4b2AED4b15675c7917c9f922ea8ADAD,0x823b92d6a4b2AED4b15675c7917c9f922ea8ADAD,,,,,Asset is not worn by a Banny and is transferred directly.
0x823b92d6a4b2AED4b15675c7917c9f922ea8ADAD receives a Lightsaber Fist asset.,Ethereum,1,7,AirdropV4BannysEthereum7,389,134,standalone_asset,Fist,12,Lightsaber,47,47000000011,47000000011,0x823b92d6a4b2AED4b15675c7917c9f922ea8ADAD,0x823b92d6a4b2AED4b15675c7917c9f922ea8ADAD,,,,,Asset is not worn by a Banny and is transferred directly.
0x823b92d6a4b2AED4b15675c7917c9f922ea8ADAD receives a Lightsaber Fist asset.,Ethereum,1,7,AirdropV4BannysEthereum7,390,135,standalone_asset,Fist,12,Lightsaber,47,47000000012,47000000012,0x823b92d6a4b2AED4b15675c7917c9f922ea8ADAD,0x823b92d6a4b2AED4b15675c7917c9f922ea8ADAD,,,,,Asset is not worn by a Banny and is transferred directly.
0x823b92d6a4b2AED4b15675c7917c9f922ea8ADAD receives a Lightsaber Fist asset.,Ethereum,1,7,AirdropV4BannysEthereum7,391,136,standalone_asset,Fist,12,Lightsaber,47,47000000013,47000000013,0x823b92d6a4b2AED4b15675c7917c9f922ea8ADAD,0x823b92d6a4b2AED4b15675c7917c9f922ea8ADAD,,,,,Asset is not worn by a Banny and is transferred directly.
0x35a21F7c053Aed0Dcf9E24BfB100acA163aeDdB2 receives a Lightsaber Fist asset.,Ethereum,1,7,AirdropV4BannysEthereum7,392,137,standalone_asset,Fist,12,Lightsaber,47,47000000014,47000000014,0x35a21F7c053Aed0Dcf9E24BfB100acA163aeDdB2,0x35a21F7c053Aed0Dcf9E24BfB100acA163aeDdB2,,,,,Asset is not worn by a Banny and is transferred directly.
0x15b61e9b0637f45dc0858f083cd240267924125d receives a Potion Fist asset.,Ethereum,1,7,AirdropV4BannysEthereum7,393,138,standalone_asset,Fist,12,Potion,48,48000000004,48000000006,0x15b61e9b0637f45dc0858f083cd240267924125d,0x15b61e9b0637f45dc0858f083cd240267924125d,,,,,Asset is not worn by a Banny and is transferred directly.
0x08cF1208e638a5A3623be58d600e35c6199baa9C receives a Dagger Fist asset.,Ethereum,1,7,AirdropV4BannysEthereum7,394,139,standalone_asset,Fist,12,Dagger,49,49000000003,49000000004,0x08cF1208e638a5A3623be58d600e35c6199baa9C,0x08cF1208e638a5A3623be58d600e35c6199baa9C,,,,,Asset is not worn by a Banny and is transferred directly.
0x7C3F14075F6477fea1aF6cf59f325afDfcD3Ddf7 receives a Dagger Fist asset.,Ethereum,1,7,AirdropV4BannysEthereum7,395,140,standalone_asset,Fist,12,Dagger,49,49000000005,49000000005,0x7C3F14075F6477fea1aF6cf59f325afDfcD3Ddf7,0x7C3F14075F6477fea1aF6cf59f325afDfcD3Ddf7,,,,,Asset is not worn by a Banny and is transferred directly.
0x7C3F14075F6477fea1aF6cf59f325afDfcD3Ddf7 receives a Dagger Fist asset.,Ethereum,1,7,AirdropV4BannysEthereum7,396,141,standalone_asset,Fist,12,Dagger,49,49000000006,49000000006,0x7C3F14075F6477fea1aF6cf59f325afDfcD3Ddf7,0x7C3F14075F6477fea1aF6cf59f325afDfcD3Ddf7,,,,,Asset is not worn by a Banny and is transferred directly.
0x817738DC393d682Ca5fBb268707b99F2aAe96baE receives an Astronaut Head asset.,Ethereum,1,8,AirdropV4BannysEthereum8,397,1,standalone_asset,Head,4,Astronaut Head,10,10000000003,10000000014,0x817738DC393d682Ca5fBb268707b99F2aAe96baE,0xa5F8911d4CFd60a6697479f078409434424fe666,,,,,Asset is not worn by a Banny and is transferred directly.
0x7C3F14075F6477fea1aF6cf59f325afDfcD3Ddf7 receives a Dagger Fist asset.,Ethereum,1,8,AirdropV4BannysEthereum8,398,2,standalone_asset,Fist,12,Dagger,49,49000000007,49000000007,0x7C3F14075F6477fea1aF6cf59f325afDfcD3Ddf7,0x7C3F14075F6477fea1aF6cf59f325afDfcD3Ddf7,,,,,Asset is not worn by a Banny and is transferred directly.
0x7C3F14075F6477fea1aF6cf59f325afDfcD3Ddf7 receives a Dagger Fist asset.,Ethereum,1,8,AirdropV4BannysEthereum8,399,3,standalone_asset,Fist,12,Dagger,49,49000000008,49000000008,0x7C3F14075F6477fea1aF6cf59f325afDfcD3Ddf7,0x7C3F14075F6477fea1aF6cf59f325afDfcD3Ddf7,,,,,Asset is not worn by a Banny and is transferred directly.
0x7C3F14075F6477fea1aF6cf59f325afDfcD3Ddf7 receives a Dagger Fist asset.,Ethereum,1,8,AirdropV4BannysEthereum8,400,4,standalone_asset,Fist,12,Dagger,49,49000000009,49000000009,0x7C3F14075F6477fea1aF6cf59f325afDfcD3Ddf7,0x7C3F14075F6477fea1aF6cf59f325afDfcD3Ddf7,,,,,Asset is not worn by a Banny and is transferred directly.
0x7C3F14075F6477fea1aF6cf59f325afDfcD3Ddf7 receives a Dagger Fist asset.,Ethereum,1,8,AirdropV4BannysEthereum8,401,5,standalone_asset,Fist,12,Dagger,49,49000000010,49000000010,0x7C3F14075F6477fea1aF6cf59f325afDfcD3Ddf7,0x7C3F14075F6477fea1aF6cf59f325afDfcD3Ddf7,,,,,Asset is not worn by a Banny and is transferred directly.
0x7C3F14075F6477fea1aF6cf59f325afDfcD3Ddf7 receives a Dagger Fist asset.,Ethereum,1,8,AirdropV4BannysEthereum8,402,6,standalone_asset,Fist,12,Dagger,49,49000000011,49000000011,0x7C3F14075F6477fea1aF6cf59f325afDfcD3Ddf7,0x7C3F14075F6477fea1aF6cf59f325afDfcD3Ddf7,,,,,Asset is not worn by a Banny and is transferred directly.
0x7C3F14075F6477fea1aF6cf59f325afDfcD3Ddf7 receives a Dagger Fist asset.,Ethereum,1,8,AirdropV4BannysEthereum8,403,7,standalone_asset,Fist,12,Dagger,49,49000000012,49000000012,0x7C3F14075F6477fea1aF6cf59f325afDfcD3Ddf7,0x7C3F14075F6477fea1aF6cf59f325afDfcD3Ddf7,,,,,Asset is not worn by a Banny and is transferred directly.
0x7C3F14075F6477fea1aF6cf59f325afDfcD3Ddf7 receives a Dagger Fist asset.,Ethereum,1,8,AirdropV4BannysEthereum8,404,8,standalone_asset,Fist,12,Dagger,49,49000000013,49000000013,0x7C3F14075F6477fea1aF6cf59f325afDfcD3Ddf7,0x7C3F14075F6477fea1aF6cf59f325afDfcD3Ddf7,,,,,Asset is not worn by a Banny and is transferred directly.
0x7C3F14075F6477fea1aF6cf59f325afDfcD3Ddf7 receives a Dagger Fist asset.,Ethereum,1,8,AirdropV4BannysEthereum8,405,9,standalone_asset,Fist,12,Dagger,49,49000000014,49000000014,0x7C3F14075F6477fea1aF6cf59f325afDfcD3Ddf7,0x7C3F14075F6477fea1aF6cf59f325afDfcD3Ddf7,,,,,Asset is not worn by a Banny and is transferred directly.
0x7C3F14075F6477fea1aF6cf59f325afDfcD3Ddf7 receives a Dagger Fist asset.,Ethereum,1,8,AirdropV4BannysEthereum8,406,10,standalone_asset,Fist,12,Dagger,49,49000000015,49000000015,0x7C3F14075F6477fea1aF6cf59f325afDfcD3Ddf7,0x7C3F14075F6477fea1aF6cf59f325afDfcD3Ddf7,,,,,Asset is not worn by a Banny and is transferred directly.
0x7C3F14075F6477fea1aF6cf59f325afDfcD3Ddf7 receives a Dagger Fist asset.,Ethereum,1,8,AirdropV4BannysEthereum8,407,11,standalone_asset,Fist,12,Dagger,49,49000000016,49000000016,0x7C3F14075F6477fea1aF6cf59f325afDfcD3Ddf7,0x7C3F14075F6477fea1aF6cf59f325afDfcD3Ddf7,,,,,Asset is not worn by a Banny and is transferred directly.
0x7C3F14075F6477fea1aF6cf59f325afDfcD3Ddf7 receives a Dagger Fist asset.,Ethereum,1,8,AirdropV4BannysEthereum8,408,12,standalone_asset,Fist,12,Dagger,49,49000000017,49000000017,0x7C3F14075F6477fea1aF6cf59f325afDfcD3Ddf7,0x7C3F14075F6477fea1aF6cf59f325afDfcD3Ddf7,,,,,Asset is not worn by a Banny and is transferred directly.
0x7C3F14075F6477fea1aF6cf59f325afDfcD3Ddf7 receives a Dagger Fist asset.,Ethereum,1,8,AirdropV4BannysEthereum8,409,13,standalone_asset,Fist,12,Dagger,49,49000000018,49000000018,0x7C3F14075F6477fea1aF6cf59f325afDfcD3Ddf7,0x7C3F14075F6477fea1aF6cf59f325afDfcD3Ddf7,,,,,Asset is not worn by a Banny and is transferred directly.
0x7C3F14075F6477fea1aF6cf59f325afDfcD3Ddf7 receives a Dagger Fist asset.,Ethereum,1,8,AirdropV4BannysEthereum8,410,14,standalone_asset,Fist,12,Dagger,49,49000000019,49000000019,0x7C3F14075F6477fea1aF6cf59f325afDfcD3Ddf7,0x7C3F14075F6477fea1aF6cf59f325afDfcD3Ddf7,,,,,Asset is not worn by a Banny and is transferred directly.
0x7C3F14075F6477fea1aF6cf59f325afDfcD3Ddf7 receives a Dagger Fist asset.,Ethereum,1,8,AirdropV4BannysEthereum8,411,15,standalone_asset,Fist,12,Dagger,49,49000000020,49000000020,0x7C3F14075F6477fea1aF6cf59f325afDfcD3Ddf7,0x7C3F14075F6477fea1aF6cf59f325afDfcD3Ddf7,,,,,Asset is not worn by a Banny and is transferred directly.
0x7C3F14075F6477fea1aF6cf59f325afDfcD3Ddf7 receives a Dagger Fist asset.,Ethereum,1,8,AirdropV4BannysEthereum8,412,16,standalone_asset,Fist,12,Dagger,49,49000000021,49000000021,0x7C3F14075F6477fea1aF6cf59f325afDfcD3Ddf7,0x7C3F14075F6477fea1aF6cf59f325afDfcD3Ddf7,,,,,Asset is not worn by a Banny and is transferred directly.
0x7C3F14075F6477fea1aF6cf59f325afDfcD3Ddf7 receives a Dagger Fist asset.,Ethereum,1,8,AirdropV4BannysEthereum8,413,17,standalone_asset,Fist,12,Dagger,49,49000000022,49000000022,0x7C3F14075F6477fea1aF6cf59f325afDfcD3Ddf7,0x7C3F14075F6477fea1aF6cf59f325afDfcD3Ddf7,,,,,Asset is not worn by a Banny and is transferred directly.
0x7C3F14075F6477fea1aF6cf59f325afDfcD3Ddf7 receives a Dagger Fist asset.,Ethereum,1,8,AirdropV4BannysEthereum8,414,18,standalone_asset,Fist,12,Dagger,49,49000000023,49000000023,0x7C3F14075F6477fea1aF6cf59f325afDfcD3Ddf7,0x7C3F14075F6477fea1aF6cf59f325afDfcD3Ddf7,,,,,Asset is not worn by a Banny and is transferred directly.
0x7C3F14075F6477fea1aF6cf59f325afDfcD3Ddf7 receives a Dagger Fist asset.,Ethereum,1,8,AirdropV4BannysEthereum8,415,19,standalone_asset,Fist,12,Dagger,49,49000000024,49000000024,0x7C3F14075F6477fea1aF6cf59f325afDfcD3Ddf7,0x7C3F14075F6477fea1aF6cf59f325afDfcD3Ddf7,,,,,Asset is not worn by a Banny and is transferred directly.
0x7C3F14075F6477fea1aF6cf59f325afDfcD3Ddf7 receives a Dagger Fist asset.,Ethereum,1,8,AirdropV4BannysEthereum8,416,20,standalone_asset,Fist,12,Dagger,49,49000000025,49000000025,0x7C3F14075F6477fea1aF6cf59f325afDfcD3Ddf7,0x7C3F14075F6477fea1aF6cf59f325afDfcD3Ddf7,,,,,Asset is not worn by a Banny and is transferred directly.
0x7C3F14075F6477fea1aF6cf59f325afDfcD3Ddf7 receives a Dagger Fist asset.,Ethereum,1,8,AirdropV4BannysEthereum8,417,21,standalone_asset,Fist,12,Dagger,49,49000000026,49000000026,0x7C3F14075F6477fea1aF6cf59f325afDfcD3Ddf7,0x7C3F14075F6477fea1aF6cf59f325afDfcD3Ddf7,,,,,Asset is not worn by a Banny and is transferred directly.
0x7C3F14075F6477fea1aF6cf59f325afDfcD3Ddf7 receives a Dagger Fist asset.,Ethereum,1,8,AirdropV4BannysEthereum8,418,22,standalone_asset,Fist,12,Dagger,49,49000000027,49000000027,0x7C3F14075F6477fea1aF6cf59f325afDfcD3Ddf7,0x7C3F14075F6477fea1aF6cf59f325afDfcD3Ddf7,,,,,Asset is not worn by a Banny and is transferred directly.
0x7C3F14075F6477fea1aF6cf59f325afDfcD3Ddf7 receives a Dagger Fist asset.,Ethereum,1,8,AirdropV4BannysEthereum8,419,23,standalone_asset,Fist,12,Dagger,49,49000000028,49000000028,0x7C3F14075F6477fea1aF6cf59f325afDfcD3Ddf7,0x7C3F14075F6477fea1aF6cf59f325afDfcD3Ddf7,,,,,Asset is not worn by a Banny and is transferred directly.
0x7C3F14075F6477fea1aF6cf59f325afDfcD3Ddf7 receives a Dagger Fist asset.,Ethereum,1,8,AirdropV4BannysEthereum8,420,24,standalone_asset,Fist,12,Dagger,49,49000000029,49000000029,0x7C3F14075F6477fea1aF6cf59f325afDfcD3Ddf7,0x7C3F14075F6477fea1aF6cf59f325afDfcD3Ddf7,,,,,Asset is not worn by a Banny and is transferred directly.
0x7C3F14075F6477fea1aF6cf59f325afDfcD3Ddf7 receives a Dagger Fist asset.,Ethereum,1,8,AirdropV4BannysEthereum8,421,25,standalone_asset,Fist,12,Dagger,49,49000000030,49000000030,0x7C3F14075F6477fea1aF6cf59f325afDfcD3Ddf7,0x7C3F14075F6477fea1aF6cf59f325afDfcD3Ddf7,,,,,Asset is not worn by a Banny and is transferred directly.
0x7C3F14075F6477fea1aF6cf59f325afDfcD3Ddf7 receives a Dagger Fist asset.,Ethereum,1,8,AirdropV4BannysEthereum8,422,26,standalone_asset,Fist,12,Dagger,49,49000000031,49000000031,0x7C3F14075F6477fea1aF6cf59f325afDfcD3Ddf7,0x7C3F14075F6477fea1aF6cf59f325afDfcD3Ddf7,,,,,Asset is not worn by a Banny and is transferred directly.
0x7C3F14075F6477fea1aF6cf59f325afDfcD3Ddf7 receives a Dagger Fist asset.,Ethereum,1,8,AirdropV4BannysEthereum8,423,27,standalone_asset,Fist,12,Dagger,49,49000000032,49000000032,0x7C3F14075F6477fea1aF6cf59f325afDfcD3Ddf7,0x7C3F14075F6477fea1aF6cf59f325afDfcD3Ddf7,,,,,Asset is not worn by a Banny and is transferred directly.
0x7C3F14075F6477fea1aF6cf59f325afDfcD3Ddf7 receives a Dagger Fist asset.,Ethereum,1,8,AirdropV4BannysEthereum8,424,28,standalone_asset,Fist,12,Dagger,49,49000000033,49000000033,0x7C3F14075F6477fea1aF6cf59f325afDfcD3Ddf7,0x7C3F14075F6477fea1aF6cf59f325afDfcD3Ddf7,,,,,Asset is not worn by a Banny and is transferred directly.
0x7C3F14075F6477fea1aF6cf59f325afDfcD3Ddf7 receives a Dagger Fist asset.,Ethereum,1,8,AirdropV4BannysEthereum8,425,29,standalone_asset,Fist,12,Dagger,49,49000000034,49000000034,0x7C3F14075F6477fea1aF6cf59f325afDfcD3Ddf7,0x7C3F14075F6477fea1aF6cf59f325afDfcD3Ddf7,,,,,Asset is not worn by a Banny and is transferred directly.
0x7C3F14075F6477fea1aF6cf59f325afDfcD3Ddf7 receives a Dagger Fist asset.,Ethereum,1,8,AirdropV4BannysEthereum8,426,30,standalone_asset,Fist,12,Dagger,49,49000000035,49000000035,0x7C3F14075F6477fea1aF6cf59f325afDfcD3Ddf7,0x7C3F14075F6477fea1aF6cf59f325afDfcD3Ddf7,,,,,Asset is not worn by a Banny and is transferred directly.
0x7C3F14075F6477fea1aF6cf59f325afDfcD3Ddf7 receives a Dagger Fist asset.,Ethereum,1,8,AirdropV4BannysEthereum8,427,31,standalone_asset,Fist,12,Dagger,49,49000000036,49000000036,0x7C3F14075F6477fea1aF6cf59f325afDfcD3Ddf7,0x7C3F14075F6477fea1aF6cf59f325afDfcD3Ddf7,,,,,Asset is not worn by a Banny and is transferred directly.
0x7C3F14075F6477fea1aF6cf59f325afDfcD3Ddf7 receives a Dagger Fist asset.,Ethereum,1,8,AirdropV4BannysEthereum8,428,32,standalone_asset,Fist,12,Dagger,49,49000000037,49000000037,0x7C3F14075F6477fea1aF6cf59f325afDfcD3Ddf7,0x7C3F14075F6477fea1aF6cf59f325afDfcD3Ddf7,,,,,Asset is not worn by a Banny and is transferred directly.
0x7C3F14075F6477fea1aF6cf59f325afDfcD3Ddf7 receives a Dagger Fist asset.,Ethereum,1,8,AirdropV4BannysEthereum8,429,33,standalone_asset,Fist,12,Dagger,49,49000000038,49000000038,0x7C3F14075F6477fea1aF6cf59f325afDfcD3Ddf7,0x7C3F14075F6477fea1aF6cf59f325afDfcD3Ddf7,,,,,Asset is not worn by a Banny and is transferred directly.
0x7C3F14075F6477fea1aF6cf59f325afDfcD3Ddf7 receives a Dagger Fist asset.,Ethereum,1,8,AirdropV4BannysEthereum8,430,34,standalone_asset,Fist,12,Dagger,49,49000000039,49000000039,0x7C3F14075F6477fea1aF6cf59f325afDfcD3Ddf7,0x7C3F14075F6477fea1aF6cf59f325afDfcD3Ddf7,,,,,Asset is not worn by a Banny and is transferred directly.
0x7C3F14075F6477fea1aF6cf59f325afDfcD3Ddf7 receives a Dagger Fist asset.,Ethereum,1,8,AirdropV4BannysEthereum8,431,35,standalone_asset,Fist,12,Dagger,49,49000000040,49000000040,0x7C3F14075F6477fea1aF6cf59f325afDfcD3Ddf7,0x7C3F14075F6477fea1aF6cf59f325afDfcD3Ddf7,,,,,Asset is not worn by a Banny and is transferred directly.
0x7C3F14075F6477fea1aF6cf59f325afDfcD3Ddf7 receives a Dagger Fist asset.,Ethereum,1,8,AirdropV4BannysEthereum8,432,36,standalone_asset,Fist,12,Dagger,49,49000000041,49000000041,0x7C3F14075F6477fea1aF6cf59f325afDfcD3Ddf7,0x7C3F14075F6477fea1aF6cf59f325afDfcD3Ddf7,,,,,Asset is not worn by a Banny and is transferred directly.
0x7C3F14075F6477fea1aF6cf59f325afDfcD3Ddf7 receives a Dagger Fist asset.,Ethereum,1,8,AirdropV4BannysEthereum8,433,37,standalone_asset,Fist,12,Dagger,49,49000000042,49000000042,0x7C3F14075F6477fea1aF6cf59f325afDfcD3Ddf7,0x7C3F14075F6477fea1aF6cf59f325afDfcD3Ddf7,,,,,Asset is not worn by a Banny and is transferred directly.
0x7C3F14075F6477fea1aF6cf59f325afDfcD3Ddf7 receives a Dagger Fist asset.,Ethereum,1,8,AirdropV4BannysEthereum8,434,38,standalone_asset,Fist,12,Dagger,49,49000000043,49000000043,0x7C3F14075F6477fea1aF6cf59f325afDfcD3Ddf7,0x7C3F14075F6477fea1aF6cf59f325afDfcD3Ddf7,,,,,Asset is not worn by a Banny and is transferred directly.
0x7C3F14075F6477fea1aF6cf59f325afDfcD3Ddf7 receives a Dagger Fist asset.,Ethereum,1,8,AirdropV4BannysEthereum8,435,39,standalone_asset,Fist,12,Dagger,49,49000000044,49000000044,0x7C3F14075F6477fea1aF6cf59f325afDfcD3Ddf7,0x7C3F14075F6477fea1aF6cf59f325afDfcD3Ddf7,,,,,Asset is not worn by a Banny and is transferred directly.
0x7C3F14075F6477fea1aF6cf59f325afDfcD3Ddf7 receives a Dagger Fist asset.,Ethereum,1,8,AirdropV4BannysEthereum8,436,40,standalone_asset,Fist,12,Dagger,49,49000000045,49000000045,0x7C3F14075F6477fea1aF6cf59f325afDfcD3Ddf7,0x7C3F14075F6477fea1aF6cf59f325afDfcD3Ddf7,,,,,Asset is not worn by a Banny and is transferred directly.
0x7C3F14075F6477fea1aF6cf59f325afDfcD3Ddf7 receives a Dagger Fist asset.,Ethereum,1,8,AirdropV4BannysEthereum8,437,41,standalone_asset,Fist,12,Dagger,49,49000000046,49000000046,0x7C3F14075F6477fea1aF6cf59f325afDfcD3Ddf7,0x7C3F14075F6477fea1aF6cf59f325afDfcD3Ddf7,,,,,Asset is not worn by a Banny and is transferred directly.
0x7C3F14075F6477fea1aF6cf59f325afDfcD3Ddf7 receives a Dagger Fist asset.,Ethereum,1,8,AirdropV4BannysEthereum8,438,42,standalone_asset,Fist,12,Dagger,49,49000000047,49000000047,0x7C3F14075F6477fea1aF6cf59f325afDfcD3Ddf7,0x7C3F14075F6477fea1aF6cf59f325afDfcD3Ddf7,,,,,Asset is not worn by a Banny and is transferred directly.
0x7C3F14075F6477fea1aF6cf59f325afDfcD3Ddf7 receives a Dagger Fist asset.,Ethereum,1,8,AirdropV4BannysEthereum8,439,43,standalone_asset,Fist,12,Dagger,49,49000000048,49000000048,0x7C3F14075F6477fea1aF6cf59f325afDfcD3Ddf7,0x7C3F14075F6477fea1aF6cf59f325afDfcD3Ddf7,,,,,Asset is not worn by a Banny and is transferred directly.
0x7C3F14075F6477fea1aF6cf59f325afDfcD3Ddf7 receives a Dagger Fist asset.,Ethereum,1,8,AirdropV4BannysEthereum8,440,44,standalone_asset,Fist,12,Dagger,49,49000000049,49000000049,0x7C3F14075F6477fea1aF6cf59f325afDfcD3Ddf7,0x7C3F14075F6477fea1aF6cf59f325afDfcD3Ddf7,,,,,Asset is not worn by a Banny and is transferred directly.
0x7C3F14075F6477fea1aF6cf59f325afDfcD3Ddf7 receives a Dagger Fist asset.,Ethereum,1,8,AirdropV4BannysEthereum8,441,45,standalone_asset,Fist,12,Dagger,49,49000000050,49000000050,0x7C3F14075F6477fea1aF6cf59f325afDfcD3Ddf7,0x7C3F14075F6477fea1aF6cf59f325afDfcD3Ddf7,,,,,Asset is not worn by a Banny and is transferred directly.
0x7C3F14075F6477fea1aF6cf59f325afDfcD3Ddf7 receives a Dagger Fist asset.,Ethereum,1,8,AirdropV4BannysEthereum8,442,46,standalone_asset,Fist,12,Dagger,49,49000000051,49000000051,0x7C3F14075F6477fea1aF6cf59f325afDfcD3Ddf7,0x7C3F14075F6477fea1aF6cf59f325afDfcD3Ddf7,,,,,Asset is not worn by a Banny and is transferred directly.
0x7C3F14075F6477fea1aF6cf59f325afDfcD3Ddf7 receives a Dagger Fist asset.,Ethereum,1,8,AirdropV4BannysEthereum8,443,47,standalone_asset,Fist,12,Dagger,49,49000000052,49000000052,0x7C3F14075F6477fea1aF6cf59f325afDfcD3Ddf7,0x7C3F14075F6477fea1aF6cf59f325afDfcD3Ddf7,,,,,Asset is not worn by a Banny and is transferred directly.
0x7C3F14075F6477fea1aF6cf59f325afDfcD3Ddf7 receives a Dagger Fist asset.,Ethereum,1,8,AirdropV4BannysEthereum8,444,48,standalone_asset,Fist,12,Dagger,49,49000000053,49000000053,0x7C3F14075F6477fea1aF6cf59f325afDfcD3Ddf7,0x7C3F14075F6477fea1aF6cf59f325afDfcD3Ddf7,,,,,Asset is not worn by a Banny and is transferred directly.
0x7C3F14075F6477fea1aF6cf59f325afDfcD3Ddf7 receives a Dagger Fist asset.,Ethereum,1,8,AirdropV4BannysEthereum8,445,49,standalone_asset,Fist,12,Dagger,49,49000000054,49000000054,0x7C3F14075F6477fea1aF6cf59f325afDfcD3Ddf7,0x7C3F14075F6477fea1aF6cf59f325afDfcD3Ddf7,,,,,Asset is not worn by a Banny and is transferred directly.
0x823b92d6a4b2AED4b15675c7917c9f922ea8ADAD receives a Dagger Fist asset.,Ethereum,1,8,AirdropV4BannysEthereum8,446,50,standalone_asset,Fist,12,Dagger,49,49000000055,49000000055,0x823b92d6a4b2AED4b15675c7917c9f922ea8ADAD,0x823b92d6a4b2AED4b15675c7917c9f922ea8ADAD,,,,,Asset is not worn by a Banny and is transferred directly.
0x823b92d6a4b2AED4b15675c7917c9f922ea8ADAD receives a Dagger Fist asset.,Ethereum,1,8,AirdropV4BannysEthereum8,447,51,standalone_asset,Fist,12,Dagger,49,49000000056,49000000056,0x823b92d6a4b2AED4b15675c7917c9f922ea8ADAD,0x823b92d6a4b2AED4b15675c7917c9f922ea8ADAD,,,,,Asset is not worn by a Banny and is transferred directly.
0x823b92d6a4b2AED4b15675c7917c9f922ea8ADAD receives a Dagger Fist asset.,Ethereum,1,8,AirdropV4BannysEthereum8,448,52,standalone_asset,Fist,12,Dagger,49,49000000057,49000000057,0x823b92d6a4b2AED4b15675c7917c9f922ea8ADAD,0x823b92d6a4b2AED4b15675c7917c9f922ea8ADAD,,,,,Asset is not worn by a Banny and is transferred directly.
0x823b92d6a4b2AED4b15675c7917c9f922ea8ADAD receives a Dagger Fist asset.,Ethereum,1,8,AirdropV4BannysEthereum8,449,53,standalone_asset,Fist,12,Dagger,49,49000000058,49000000058,0x823b92d6a4b2AED4b15675c7917c9f922ea8ADAD,0x823b92d6a4b2AED4b15675c7917c9f922ea8ADAD,,,,,Asset is not worn by a Banny and is transferred directly.
0x823b92d6a4b2AED4b15675c7917c9f922ea8ADAD receives a Dagger Fist asset.,Ethereum,1,8,AirdropV4BannysEthereum8,450,54,standalone_asset,Fist,12,Dagger,49,49000000059,49000000059,0x823b92d6a4b2AED4b15675c7917c9f922ea8ADAD,0x823b92d6a4b2AED4b15675c7917c9f922ea8ADAD,,,,,Asset is not worn by a Banny and is transferred directly.
0x823b92d6a4b2AED4b15675c7917c9f922ea8ADAD receives a Dagger Fist asset.,Ethereum,1,8,AirdropV4BannysEthereum8,451,55,standalone_asset,Fist,12,Dagger,49,49000000060,49000000060,0x823b92d6a4b2AED4b15675c7917c9f922ea8ADAD,0x823b92d6a4b2AED4b15675c7917c9f922ea8ADAD,,,,,Asset is not worn by a Banny and is transferred directly.
0x823b92d6a4b2AED4b15675c7917c9f922ea8ADAD receives a Dagger Fist asset.,Ethereum,1,8,AirdropV4BannysEthereum8,452,56,standalone_asset,Fist,12,Dagger,49,49000000061,49000000061,0x823b92d6a4b2AED4b15675c7917c9f922ea8ADAD,0x823b92d6a4b2AED4b15675c7917c9f922ea8ADAD,,,,,Asset is not worn by a Banny and is transferred directly.
0x823b92d6a4b2AED4b15675c7917c9f922ea8ADAD receives a Dagger Fist asset.,Ethereum,1,8,AirdropV4BannysEthereum8,453,57,standalone_asset,Fist,12,Dagger,49,49000000062,49000000062,0x823b92d6a4b2AED4b15675c7917c9f922ea8ADAD,0x823b92d6a4b2AED4b15675c7917c9f922ea8ADAD,,,,,Asset is not worn by a Banny and is transferred directly.
0x823b92d6a4b2AED4b15675c7917c9f922ea8ADAD receives a Dagger Fist asset.,Ethereum,1,8,AirdropV4BannysEthereum8,454,58,standalone_asset,Fist,12,Dagger,49,49000000063,49000000063,0x823b92d6a4b2AED4b15675c7917c9f922ea8ADAD,0x823b92d6a4b2AED4b15675c7917c9f922ea8ADAD,,,,,Asset is not worn by a Banny and is transferred directly.
0x823b92d6a4b2AED4b15675c7917c9f922ea8ADAD receives a Dagger Fist asset.,Ethereum,1,8,AirdropV4BannysEthereum8,455,59,standalone_asset,Fist,12,Dagger,49,49000000064,49000000064,0x823b92d6a4b2AED4b15675c7917c9f922ea8ADAD,0x823b92d6a4b2AED4b15675c7917c9f922ea8ADAD,,,,,Asset is not worn by a Banny and is transferred directly.
0x823b92d6a4b2AED4b15675c7917c9f922ea8ADAD receives a Dagger Fist asset.,Ethereum,1,8,AirdropV4BannysEthereum8,456,60,standalone_asset,Fist,12,Dagger,49,49000000065,49000000065,0x823b92d6a4b2AED4b15675c7917c9f922ea8ADAD,0x823b92d6a4b2AED4b15675c7917c9f922ea8ADAD,,,,,Asset is not worn by a Banny and is transferred directly.
0x823b92d6a4b2AED4b15675c7917c9f922ea8ADAD receives a Dagger Fist asset.,Ethereum,1,8,AirdropV4BannysEthereum8,457,61,standalone_asset,Fist,12,Dagger,49,49000000066,49000000066,0x823b92d6a4b2AED4b15675c7917c9f922ea8ADAD,0x823b92d6a4b2AED4b15675c7917c9f922ea8ADAD,,,,,Asset is not worn by a Banny and is transferred directly.
0x823b92d6a4b2AED4b15675c7917c9f922ea8ADAD receives a Dagger Fist asset.,Ethereum,1,8,AirdropV4BannysEthereum8,458,62,standalone_asset,Fist,12,Dagger,49,49000000067,49000000067,0x823b92d6a4b2AED4b15675c7917c9f922ea8ADAD,0x823b92d6a4b2AED4b15675c7917c9f922ea8ADAD,,,,,Asset is not worn by a Banny and is transferred directly.
0x823b92d6a4b2AED4b15675c7917c9f922ea8ADAD receives a Dagger Fist asset.,Ethereum,1,8,AirdropV4BannysEthereum8,459,63,standalone_asset,Fist,12,Dagger,49,49000000068,49000000068,0x823b92d6a4b2AED4b15675c7917c9f922ea8ADAD,0x823b92d6a4b2AED4b15675c7917c9f922ea8ADAD,,,,,Asset is not worn by a Banny and is transferred directly.
0x823b92d6a4b2AED4b15675c7917c9f922ea8ADAD receives a Dagger Fist asset.,Ethereum,1,8,AirdropV4BannysEthereum8,460,64,standalone_asset,Fist,12,Dagger,49,49000000069,49000000069,0x823b92d6a4b2AED4b15675c7917c9f922ea8ADAD,0x823b92d6a4b2AED4b15675c7917c9f922ea8ADAD,,,,,Asset is not worn by a Banny and is transferred directly.
0x823b92d6a4b2AED4b15675c7917c9f922ea8ADAD receives a Dagger Fist asset.,Ethereum,1,8,AirdropV4BannysEthereum8,461,65,standalone_asset,Fist,12,Dagger,49,49000000070,49000000070,0x823b92d6a4b2AED4b15675c7917c9f922ea8ADAD,0x823b92d6a4b2AED4b15675c7917c9f922ea8ADAD,,,,,Asset is not worn by a Banny and is transferred directly.
0x823b92d6a4b2AED4b15675c7917c9f922ea8ADAD receives a Dagger Fist asset.,Ethereum,1,8,AirdropV4BannysEthereum8,462,66,standalone_asset,Fist,12,Dagger,49,49000000071,49000000071,0x823b92d6a4b2AED4b15675c7917c9f922ea8ADAD,0x823b92d6a4b2AED4b15675c7917c9f922ea8ADAD,,,,,Asset is not worn by a Banny and is transferred directly.
0x823b92d6a4b2AED4b15675c7917c9f922ea8ADAD receives a Dagger Fist asset.,Ethereum,1,8,AirdropV4BannysEthereum8,463,67,standalone_asset,Fist,12,Dagger,49,49000000072,49000000072,0x823b92d6a4b2AED4b15675c7917c9f922ea8ADAD,0x823b92d6a4b2AED4b15675c7917c9f922ea8ADAD,,,,,Asset is not worn by a Banny and is transferred directly.
0x823b92d6a4b2AED4b15675c7917c9f922ea8ADAD receives a Dagger Fist asset.,Ethereum,1,8,AirdropV4BannysEthereum8,464,68,standalone_asset,Fist,12,Dagger,49,49000000073,49000000073,0x823b92d6a4b2AED4b15675c7917c9f922ea8ADAD,0x823b92d6a4b2AED4b15675c7917c9f922ea8ADAD,,,,,Asset is not worn by a Banny and is transferred directly.
0x823b92d6a4b2AED4b15675c7917c9f922ea8ADAD receives a Dagger Fist asset.,Ethereum,1,8,AirdropV4BannysEthereum8,465,69,standalone_asset,Fist,12,Dagger,49,49000000074,49000000074,0x823b92d6a4b2AED4b15675c7917c9f922ea8ADAD,0x823b92d6a4b2AED4b15675c7917c9f922ea8ADAD,,,,,Asset is not worn by a Banny and is transferred directly.
0x7C3F14075F6477fea1aF6cf59f325afDfcD3Ddf7 receives a Dagger Fist asset.,Ethereum,1,8,AirdropV4BannysEthereum8,466,70,standalone_asset,Fist,12,Dagger,49,49000000075,49000000075,0x7C3F14075F6477fea1aF6cf59f325afDfcD3Ddf7,0x7C3F14075F6477fea1aF6cf59f325afDfcD3Ddf7,,,,,Asset is not worn by a Banny and is transferred directly.
0x7C3F14075F6477fea1aF6cf59f325afDfcD3Ddf7 receives a Dagger Fist asset.,Ethereum,1,8,AirdropV4BannysEthereum8,467,71,standalone_asset,Fist,12,Dagger,49,49000000076,49000000076,0x7C3F14075F6477fea1aF6cf59f325afDfcD3Ddf7,0x7C3F14075F6477fea1aF6cf59f325afDfcD3Ddf7,,,,,Asset is not worn by a Banny and is transferred directly.
0x7C3F14075F6477fea1aF6cf59f325afDfcD3Ddf7 receives a Dagger Fist asset.,Ethereum,1,8,AirdropV4BannysEthereum8,468,72,standalone_asset,Fist,12,Dagger,49,49000000077,49000000077,0x7C3F14075F6477fea1aF6cf59f325afDfcD3Ddf7,0x7C3F14075F6477fea1aF6cf59f325afDfcD3Ddf7,,,,,Asset is not worn by a Banny and is transferred directly.
0x7C3F14075F6477fea1aF6cf59f325afDfcD3Ddf7 receives a Dagger Fist asset.,Ethereum,1,8,AirdropV4BannysEthereum8,469,73,standalone_asset,Fist,12,Dagger,49,49000000078,49000000078,0x7C3F14075F6477fea1aF6cf59f325afDfcD3Ddf7,0x7C3F14075F6477fea1aF6cf59f325afDfcD3Ddf7,,,,,Asset is not worn by a Banny and is transferred directly.
0x7C3F14075F6477fea1aF6cf59f325afDfcD3Ddf7 receives a Dagger Fist asset.,Ethereum,1,8,AirdropV4BannysEthereum8,470,74,standalone_asset,Fist,12,Dagger,49,49000000079,49000000079,0x7C3F14075F6477fea1aF6cf59f325afDfcD3Ddf7,0x7C3F14075F6477fea1aF6cf59f325afDfcD3Ddf7,,,,,Asset is not worn by a Banny and is transferred directly.
0x7C3F14075F6477fea1aF6cf59f325afDfcD3Ddf7 receives a Dagger Fist asset.,Ethereum,1,8,AirdropV4BannysEthereum8,471,75,standalone_asset,Fist,12,Dagger,49,49000000080,49000000080,0x7C3F14075F6477fea1aF6cf59f325afDfcD3Ddf7,0x7C3F14075F6477fea1aF6cf59f325afDfcD3Ddf7,,,,,Asset is not worn by a Banny and is transferred directly.
0x7C3F14075F6477fea1aF6cf59f325afDfcD3Ddf7 receives a Dagger Fist asset.,Ethereum,1,8,AirdropV4BannysEthereum8,472,76,standalone_asset,Fist,12,Dagger,49,49000000081,49000000081,0x7C3F14075F6477fea1aF6cf59f325afDfcD3Ddf7,0x7C3F14075F6477fea1aF6cf59f325afDfcD3Ddf7,,,,,Asset is not worn by a Banny and is transferred directly.
0x7C3F14075F6477fea1aF6cf59f325afDfcD3Ddf7 receives a Dagger Fist asset.,Ethereum,1,8,AirdropV4BannysEthereum8,473,77,standalone_asset,Fist,12,Dagger,49,49000000082,49000000082,0x7C3F14075F6477fea1aF6cf59f325afDfcD3Ddf7,0x7C3F14075F6477fea1aF6cf59f325afDfcD3Ddf7,,,,,Asset is not worn by a Banny and is transferred directly.
0x7C3F14075F6477fea1aF6cf59f325afDfcD3Ddf7 receives a Dagger Fist asset.,Ethereum,1,8,AirdropV4BannysEthereum8,474,78,standalone_asset,Fist,12,Dagger,49,49000000083,49000000083,0x7C3F14075F6477fea1aF6cf59f325afDfcD3Ddf7,0x7C3F14075F6477fea1aF6cf59f325afDfcD3Ddf7,,,,,Asset is not worn by a Banny and is transferred directly.
0x7C3F14075F6477fea1aF6cf59f325afDfcD3Ddf7 receives a Dagger Fist asset.,Ethereum,1,8,AirdropV4BannysEthereum8,475,79,standalone_asset,Fist,12,Dagger,49,49000000084,49000000084,0x7C3F14075F6477fea1aF6cf59f325afDfcD3Ddf7,0x7C3F14075F6477fea1aF6cf59f325afDfcD3Ddf7,,,,,Asset is not worn by a Banny and is transferred directly.
0x7C3F14075F6477fea1aF6cf59f325afDfcD3Ddf7 receives a Dagger Fist asset.,Ethereum,1,8,AirdropV4BannysEthereum8,476,80,standalone_asset,Fist,12,Dagger,49,49000000085,49000000085,0x7C3F14075F6477fea1aF6cf59f325afDfcD3Ddf7,0x7C3F14075F6477fea1aF6cf59f325afDfcD3Ddf7,,,,,Asset is not worn by a Banny and is transferred directly.
0x7C3F14075F6477fea1aF6cf59f325afDfcD3Ddf7 receives a Dagger Fist asset.,Ethereum,1,8,AirdropV4BannysEthereum8,477,81,standalone_asset,Fist,12,Dagger,49,49000000086,49000000086,0x7C3F14075F6477fea1aF6cf59f325afDfcD3Ddf7,0x7C3F14075F6477fea1aF6cf59f325afDfcD3Ddf7,,,,,Asset is not worn by a Banny and is transferred directly.
0x7C3F14075F6477fea1aF6cf59f325afDfcD3Ddf7 receives a Dagger Fist asset.,Ethereum,1,8,AirdropV4BannysEthereum8,478,82,standalone_asset,Fist,12,Dagger,49,49000000087,49000000087,0x7C3F14075F6477fea1aF6cf59f325afDfcD3Ddf7,0x7C3F14075F6477fea1aF6cf59f325afDfcD3Ddf7,,,,,Asset is not worn by a Banny and is transferred directly.
0x7C3F14075F6477fea1aF6cf59f325afDfcD3Ddf7 receives a Dagger Fist asset.,Ethereum,1,8,AirdropV4BannysEthereum8,479,83,standalone_asset,Fist,12,Dagger,49,49000000088,49000000088,0x7C3F14075F6477fea1aF6cf59f325afDfcD3Ddf7,0x7C3F14075F6477fea1aF6cf59f325afDfcD3Ddf7,,,,,Asset is not worn by a Banny and is transferred directly.
0x7C3F14075F6477fea1aF6cf59f325afDfcD3Ddf7 receives a Dagger Fist asset.,Ethereum,1,8,AirdropV4BannysEthereum8,480,84,standalone_asset,Fist,12,Dagger,49,49000000089,49000000089,0x7C3F14075F6477fea1aF6cf59f325afDfcD3Ddf7,0x7C3F14075F6477fea1aF6cf59f325afDfcD3Ddf7,,,,,Asset is not worn by a Banny and is transferred directly.
0x7C3F14075F6477fea1aF6cf59f325afDfcD3Ddf7 receives a Dagger Fist asset.,Ethereum,1,8,AirdropV4BannysEthereum8,481,85,standalone_asset,Fist,12,Dagger,49,49000000090,49000000090,0x7C3F14075F6477fea1aF6cf59f325afDfcD3Ddf7,0x7C3F14075F6477fea1aF6cf59f325afDfcD3Ddf7,,,,,Asset is not worn by a Banny and is transferred directly.
0x7C3F14075F6477fea1aF6cf59f325afDfcD3Ddf7 receives a Dagger Fist asset.,Ethereum,1,8,AirdropV4BannysEthereum8,482,86,standalone_asset,Fist,12,Dagger,49,49000000091,49000000091,0x7C3F14075F6477fea1aF6cf59f325afDfcD3Ddf7,0x7C3F14075F6477fea1aF6cf59f325afDfcD3Ddf7,,,,,Asset is not worn by a Banny and is transferred directly.
0x7C3F14075F6477fea1aF6cf59f325afDfcD3Ddf7 receives a Dagger Fist asset.,Ethereum,1,8,AirdropV4BannysEthereum8,483,87,standalone_asset,Fist,12,Dagger,49,49000000092,49000000092,0x7C3F14075F6477fea1aF6cf59f325afDfcD3Ddf7,0x7C3F14075F6477fea1aF6cf59f325afDfcD3Ddf7,,,,,Asset is not worn by a Banny and is transferred directly.
0x7C3F14075F6477fea1aF6cf59f325afDfcD3Ddf7 receives a Dagger Fist asset.,Ethereum,1,8,AirdropV4BannysEthereum8,484,88,standalone_asset,Fist,12,Dagger,49,49000000093,49000000093,0x7C3F14075F6477fea1aF6cf59f325afDfcD3Ddf7,0x7C3F14075F6477fea1aF6cf59f325afDfcD3Ddf7,,,,,Asset is not worn by a Banny and is transferred directly.
0x7C3F14075F6477fea1aF6cf59f325afDfcD3Ddf7 receives a Dagger Fist asset.,Ethereum,1,8,AirdropV4BannysEthereum8,485,89,standalone_asset,Fist,12,Dagger,49,49000000094,49000000094,0x7C3F14075F6477fea1aF6cf59f325afDfcD3Ddf7,0x7C3F14075F6477fea1aF6cf59f325afDfcD3Ddf7,,,,,Asset is not worn by a Banny and is transferred directly.
0x7C3F14075F6477fea1aF6cf59f325afDfcD3Ddf7 receives a Dagger Fist asset.,Ethereum,1,8,AirdropV4BannysEthereum8,486,90,standalone_asset,Fist,12,Dagger,49,49000000095,49000000095,0x7C3F14075F6477fea1aF6cf59f325afDfcD3Ddf7,0x7C3F14075F6477fea1aF6cf59f325afDfcD3Ddf7,,,,,Asset is not worn by a Banny and is transferred directly.
0x7C3F14075F6477fea1aF6cf59f325afDfcD3Ddf7 receives a Dagger Fist asset.,Ethereum,1,8,AirdropV4BannysEthereum8,487,91,standalone_asset,Fist,12,Dagger,49,49000000096,49000000096,0x7C3F14075F6477fea1aF6cf59f325afDfcD3Ddf7,0x7C3F14075F6477fea1aF6cf59f325afDfcD3Ddf7,,,,,Asset is not worn by a Banny and is transferred directly.
0x7C3F14075F6477fea1aF6cf59f325afDfcD3Ddf7 receives a Dagger Fist asset.,Ethereum,1,8,AirdropV4BannysEthereum8,488,92,standalone_asset,Fist,12,Dagger,49,49000000097,49000000097,0x7C3F14075F6477fea1aF6cf59f325afDfcD3Ddf7,0x7C3F14075F6477fea1aF6cf59f325afDfcD3Ddf7,,,,,Asset is not worn by a Banny and is transferred directly.
0x7C3F14075F6477fea1aF6cf59f325afDfcD3Ddf7 receives a Dagger Fist asset.,Ethereum,1,8,AirdropV4BannysEthereum8,489,93,standalone_asset,Fist,12,Dagger,49,49000000098,49000000098,0x7C3F14075F6477fea1aF6cf59f325afDfcD3Ddf7,0x7C3F14075F6477fea1aF6cf59f325afDfcD3Ddf7,,,,,Asset is not worn by a Banny and is transferred directly.
0x7C3F14075F6477fea1aF6cf59f325afDfcD3Ddf7 receives a Dagger Fist asset.,Ethereum,1,8,AirdropV4BannysEthereum8,490,94,standalone_asset,Fist,12,Dagger,49,49000000099,49000000099,0x7C3F14075F6477fea1aF6cf59f325afDfcD3Ddf7,0x7C3F14075F6477fea1aF6cf59f325afDfcD3Ddf7,,,,,Asset is not worn by a Banny and is transferred directly.
0x7C3F14075F6477fea1aF6cf59f325afDfcD3Ddf7 receives a Dagger Fist asset.,Ethereum,1,8,AirdropV4BannysEthereum8,491,95,standalone_asset,Fist,12,Dagger,49,49000000100,49000000100,0x7C3F14075F6477fea1aF6cf59f325afDfcD3Ddf7,0x7C3F14075F6477fea1aF6cf59f325afDfcD3Ddf7,,,,,Asset is not worn by a Banny and is transferred directly.
0x7C3F14075F6477fea1aF6cf59f325afDfcD3Ddf7 receives a Dagger Fist asset.,Ethereum,1,8,AirdropV4BannysEthereum8,492,96,standalone_asset,Fist,12,Dagger,49,49000000101,49000000101,0x7C3F14075F6477fea1aF6cf59f325afDfcD3Ddf7,0x7C3F14075F6477fea1aF6cf59f325afDfcD3Ddf7,,,,,Asset is not worn by a Banny and is transferred directly.
0x7C3F14075F6477fea1aF6cf59f325afDfcD3Ddf7 receives a Dagger Fist asset.,Ethereum,1,8,AirdropV4BannysEthereum8,493,97,standalone_asset,Fist,12,Dagger,49,49000000102,49000000102,0x7C3F14075F6477fea1aF6cf59f325afDfcD3Ddf7,0x7C3F14075F6477fea1aF6cf59f325afDfcD3Ddf7,,,,,Asset is not worn by a Banny and is transferred directly.
0x7C3F14075F6477fea1aF6cf59f325afDfcD3Ddf7 receives a Dagger Fist asset.,Ethereum,1,8,AirdropV4BannysEthereum8,494,98,standalone_asset,Fist,12,Dagger,49,49000000103,49000000103,0x7C3F14075F6477fea1aF6cf59f325afDfcD3Ddf7,0x7C3F14075F6477fea1aF6cf59f325afDfcD3Ddf7,,,,,Asset is not worn by a Banny and is transferred directly.
0x7C3F14075F6477fea1aF6cf59f325afDfcD3Ddf7 receives a Dagger Fist asset.,Ethereum,1,8,AirdropV4BannysEthereum8,495,99,standalone_asset,Fist,12,Dagger,49,49000000104,49000000104,0x7C3F14075F6477fea1aF6cf59f325afDfcD3Ddf7,0x7C3F14075F6477fea1aF6cf59f325afDfcD3Ddf7,,,,,Asset is not worn by a Banny and is transferred directly.
0x7C3F14075F6477fea1aF6cf59f325afDfcD3Ddf7 receives a Dagger Fist asset.,Ethereum,1,8,AirdropV4BannysEthereum8,496,100,standalone_asset,Fist,12,Dagger,49,49000000105,49000000105,0x7C3F14075F6477fea1aF6cf59f325afDfcD3Ddf7,0x7C3F14075F6477fea1aF6cf59f325afDfcD3Ddf7,,,,,Asset is not worn by a Banny and is transferred directly.
0x7C3F14075F6477fea1aF6cf59f325afDfcD3Ddf7 receives a Dagger Fist asset.,Ethereum,1,8,AirdropV4BannysEthereum8,497,101,standalone_asset,Fist,12,Dagger,49,49000000106,49000000106,0x7C3F14075F6477fea1aF6cf59f325afDfcD3Ddf7,0x7C3F14075F6477fea1aF6cf59f325afDfcD3Ddf7,,,,,Asset is not worn by a Banny and is transferred directly.
0x7C3F14075F6477fea1aF6cf59f325afDfcD3Ddf7 receives a Dagger Fist asset.,Ethereum,1,8,AirdropV4BannysEthereum8,498,102,standalone_asset,Fist,12,Dagger,49,49000000107,49000000107,0x7C3F14075F6477fea1aF6cf59f325afDfcD3Ddf7,0x7C3F14075F6477fea1aF6cf59f325afDfcD3Ddf7,,,,,Asset is not worn by a Banny and is transferred directly.
0x7C3F14075F6477fea1aF6cf59f325afDfcD3Ddf7 receives a Dagger Fist asset.,Ethereum,1,8,AirdropV4BannysEthereum8,499,103,standalone_asset,Fist,12,Dagger,49,49000000108,49000000108,0x7C3F14075F6477fea1aF6cf59f325afDfcD3Ddf7,0x7C3F14075F6477fea1aF6cf59f325afDfcD3Ddf7,,,,,Asset is not worn by a Banny and is transferred directly.
0x7C3F14075F6477fea1aF6cf59f325afDfcD3Ddf7 receives a Dagger Fist asset.,Ethereum,1,8,AirdropV4BannysEthereum8,500,104,standalone_asset,Fist,12,Dagger,49,49000000109,49000000109,0x7C3F14075F6477fea1aF6cf59f325afDfcD3Ddf7,0x7C3F14075F6477fea1aF6cf59f325afDfcD3Ddf7,,,,,Asset is not worn by a Banny and is transferred directly.
0x7C3F14075F6477fea1aF6cf59f325afDfcD3Ddf7 receives a Dagger Fist asset.,Ethereum,1,8,AirdropV4BannysEthereum8,501,105,standalone_asset,Fist,12,Dagger,49,49000000110,49000000110,0x7C3F14075F6477fea1aF6cf59f325afDfcD3Ddf7,0x7C3F14075F6477fea1aF6cf59f325afDfcD3Ddf7,,,,,Asset is not worn by a Banny and is transferred directly.
0x7C3F14075F6477fea1aF6cf59f325afDfcD3Ddf7 receives a Dagger Fist asset.,Ethereum,1,8,AirdropV4BannysEthereum8,502,106,standalone_asset,Fist,12,Dagger,49,49000000111,49000000111,0x7C3F14075F6477fea1aF6cf59f325afDfcD3Ddf7,0x7C3F14075F6477fea1aF6cf59f325afDfcD3Ddf7,,,,,Asset is not worn by a Banny and is transferred directly.
0x7C3F14075F6477fea1aF6cf59f325afDfcD3Ddf7 receives a Dagger Fist asset.,Ethereum,1,8,AirdropV4BannysEthereum8,503,107,standalone_asset,Fist,12,Dagger,49,49000000112,49000000112,0x7C3F14075F6477fea1aF6cf59f325afDfcD3Ddf7,0x7C3F14075F6477fea1aF6cf59f325afDfcD3Ddf7,,,,,Asset is not worn by a Banny and is transferred directly.
0x7C3F14075F6477fea1aF6cf59f325afDfcD3Ddf7 receives a Dagger Fist asset.,Ethereum,1,8,AirdropV4BannysEthereum8,504,108,standalone_asset,Fist,12,Dagger,49,49000000113,49000000113,0x7C3F14075F6477fea1aF6cf59f325afDfcD3Ddf7,0x7C3F14075F6477fea1aF6cf59f325afDfcD3Ddf7,,,,,Asset is not worn by a Banny and is transferred directly.
0x7C3F14075F6477fea1aF6cf59f325afDfcD3Ddf7 receives a Dagger Fist asset.,Ethereum,1,8,AirdropV4BannysEthereum8,505,109,standalone_asset,Fist,12,Dagger,49,49000000114,49000000114,0x7C3F14075F6477fea1aF6cf59f325afDfcD3Ddf7,0x7C3F14075F6477fea1aF6cf59f325afDfcD3Ddf7,,,,,Asset is not worn by a Banny and is transferred directly.
0x7C3F14075F6477fea1aF6cf59f325afDfcD3Ddf7 receives a Dagger Fist asset.,Ethereum,1,8,AirdropV4BannysEthereum8,506,110,standalone_asset,Fist,12,Dagger,49,49000000115,49000000115,0x7C3F14075F6477fea1aF6cf59f325afDfcD3Ddf7,0x7C3F14075F6477fea1aF6cf59f325afDfcD3Ddf7,,,,,Asset is not worn by a Banny and is transferred directly.
0x7C3F14075F6477fea1aF6cf59f325afDfcD3Ddf7 receives a Dagger Fist asset.,Ethereum,1,8,AirdropV4BannysEthereum8,507,111,standalone_asset,Fist,12,Dagger,49,49000000116,49000000116,0x7C3F14075F6477fea1aF6cf59f325afDfcD3Ddf7,0x7C3F14075F6477fea1aF6cf59f325afDfcD3Ddf7,,,,,Asset is not worn by a Banny and is transferred directly.
0x7C3F14075F6477fea1aF6cf59f325afDfcD3Ddf7 receives a Dagger Fist asset.,Ethereum,1,8,AirdropV4BannysEthereum8,508,112,standalone_asset,Fist,12,Dagger,49,49000000117,49000000117,0x7C3F14075F6477fea1aF6cf59f325afDfcD3Ddf7,0x7C3F14075F6477fea1aF6cf59f325afDfcD3Ddf7,,,,,Asset is not worn by a Banny and is transferred directly.
0x7C3F14075F6477fea1aF6cf59f325afDfcD3Ddf7 receives a Dagger Fist asset.,Ethereum,1,8,AirdropV4BannysEthereum8,509,113,standalone_asset,Fist,12,Dagger,49,49000000118,49000000118,0x7C3F14075F6477fea1aF6cf59f325afDfcD3Ddf7,0x7C3F14075F6477fea1aF6cf59f325afDfcD3Ddf7,,,,,Asset is not worn by a Banny and is transferred directly.
0x7C3F14075F6477fea1aF6cf59f325afDfcD3Ddf7 receives a Dagger Fist asset.,Ethereum,1,8,AirdropV4BannysEthereum8,510,114,standalone_asset,Fist,12,Dagger,49,49000000119,49000000119,0x7C3F14075F6477fea1aF6cf59f325afDfcD3Ddf7,0x7C3F14075F6477fea1aF6cf59f325afDfcD3Ddf7,,,,,Asset is not worn by a Banny and is transferred directly.
0x7C3F14075F6477fea1aF6cf59f325afDfcD3Ddf7 receives a Dagger Fist asset.,Ethereum,1,8,AirdropV4BannysEthereum8,511,115,standalone_asset,Fist,12,Dagger,49,49000000120,49000000120,0x7C3F14075F6477fea1aF6cf59f325afDfcD3Ddf7,0x7C3F14075F6477fea1aF6cf59f325afDfcD3Ddf7,,,,,Asset is not worn by a Banny and is transferred directly.
0x7C3F14075F6477fea1aF6cf59f325afDfcD3Ddf7 receives a Dagger Fist asset.,Ethereum,1,8,AirdropV4BannysEthereum8,512,116,standalone_asset,Fist,12,Dagger,49,49000000121,49000000121,0x7C3F14075F6477fea1aF6cf59f325afDfcD3Ddf7,0x7C3F14075F6477fea1aF6cf59f325afDfcD3Ddf7,,,,,Asset is not worn by a Banny and is transferred directly.
0x7C3F14075F6477fea1aF6cf59f325afDfcD3Ddf7 receives a Dagger Fist asset.,Ethereum,1,8,AirdropV4BannysEthereum8,513,117,standalone_asset,Fist,12,Dagger,49,49000000122,49000000122,0x7C3F14075F6477fea1aF6cf59f325afDfcD3Ddf7,0x7C3F14075F6477fea1aF6cf59f325afDfcD3Ddf7,,,,,Asset is not worn by a Banny and is transferred directly.
0x7C3F14075F6477fea1aF6cf59f325afDfcD3Ddf7 receives a Dagger Fist asset.,Ethereum,1,8,AirdropV4BannysEthereum8,514,118,standalone_asset,Fist,12,Dagger,49,49000000123,49000000123,0x7C3F14075F6477fea1aF6cf59f325afDfcD3Ddf7,0x7C3F14075F6477fea1aF6cf59f325afDfcD3Ddf7,,,,,Asset is not worn by a Banny and is transferred directly.
0x7C3F14075F6477fea1aF6cf59f325afDfcD3Ddf7 receives a Dagger Fist asset.,Ethereum,1,8,AirdropV4BannysEthereum8,515,119,standalone_asset,Fist,12,Dagger,49,49000000124,49000000124,0x7C3F14075F6477fea1aF6cf59f325afDfcD3Ddf7,0x7C3F14075F6477fea1aF6cf59f325afDfcD3Ddf7,,,,,Asset is not worn by a Banny and is transferred directly.
0x7C3F14075F6477fea1aF6cf59f325afDfcD3Ddf7 receives a Dagger Fist asset.,Ethereum,1,8,AirdropV4BannysEthereum8,516,120,standalone_asset,Fist,12,Dagger,49,49000000125,49000000125,0x7C3F14075F6477fea1aF6cf59f325afDfcD3Ddf7,0x7C3F14075F6477fea1aF6cf59f325afDfcD3Ddf7,,,,,Asset is not worn by a Banny and is transferred directly.
0x7C3F14075F6477fea1aF6cf59f325afDfcD3Ddf7 receives a Dagger Fist asset.,Ethereum,1,8,AirdropV4BannysEthereum8,517,121,standalone_asset,Fist,12,Dagger,49,49000000126,49000000126,0x7C3F14075F6477fea1aF6cf59f325afDfcD3Ddf7,0x7C3F14075F6477fea1aF6cf59f325afDfcD3Ddf7,,,,,Asset is not worn by a Banny and is transferred directly.
0x7C3F14075F6477fea1aF6cf59f325afDfcD3Ddf7 receives a Dagger Fist asset.,Ethereum,1,8,AirdropV4BannysEthereum8,518,122,standalone_asset,Fist,12,Dagger,49,49000000127,49000000127,0x7C3F14075F6477fea1aF6cf59f325afDfcD3Ddf7,0x7C3F14075F6477fea1aF6cf59f325afDfcD3Ddf7,,,,,Asset is not worn by a Banny and is transferred directly.
0x7C3F14075F6477fea1aF6cf59f325afDfcD3Ddf7 receives a Dagger Fist asset.,Ethereum,1,8,AirdropV4BannysEthereum8,519,123,standalone_asset,Fist,12,Dagger,49,49000000128,49000000128,0x7C3F14075F6477fea1aF6cf59f325afDfcD3Ddf7,0x7C3F14075F6477fea1aF6cf59f325afDfcD3Ddf7,,,,,Asset is not worn by a Banny and is transferred directly.
0x7C3F14075F6477fea1aF6cf59f325afDfcD3Ddf7 receives a Dagger Fist asset.,Ethereum,1,8,AirdropV4BannysEthereum8,520,124,standalone_asset,Fist,12,Dagger,49,49000000129,49000000129,0x7C3F14075F6477fea1aF6cf59f325afDfcD3Ddf7,0x7C3F14075F6477fea1aF6cf59f325afDfcD3Ddf7,,,,,Asset is not worn by a Banny and is transferred directly.
0x7C3F14075F6477fea1aF6cf59f325afDfcD3Ddf7 receives a Dagger Fist asset.,Ethereum,1,8,AirdropV4BannysEthereum8,521,125,standalone_asset,Fist,12,Dagger,49,49000000130,49000000130,0x7C3F14075F6477fea1aF6cf59f325afDfcD3Ddf7,0x7C3F14075F6477fea1aF6cf59f325afDfcD3Ddf7,,,,,Asset is not worn by a Banny and is transferred directly.
0x7C3F14075F6477fea1aF6cf59f325afDfcD3Ddf7 receives a Dagger Fist asset.,Ethereum,1,8,AirdropV4BannysEthereum8,522,126,standalone_asset,Fist,12,Dagger,49,49000000131,49000000131,0x7C3F14075F6477fea1aF6cf59f325afDfcD3Ddf7,0x7C3F14075F6477fea1aF6cf59f325afDfcD3Ddf7,,,,,Asset is not worn by a Banny and is transferred directly.
0x7C3F14075F6477fea1aF6cf59f325afDfcD3Ddf7 receives a Dagger Fist asset.,Ethereum,1,8,AirdropV4BannysEthereum8,523,127,standalone_asset,Fist,12,Dagger,49,49000000132,49000000132,0x7C3F14075F6477fea1aF6cf59f325afDfcD3Ddf7,0x7C3F14075F6477fea1aF6cf59f325afDfcD3Ddf7,,,,,Asset is not worn by a Banny and is transferred directly.
0x7C3F14075F6477fea1aF6cf59f325afDfcD3Ddf7 receives a Dagger Fist asset.,Ethereum,1,8,AirdropV4BannysEthereum8,524,128,standalone_asset,Fist,12,Dagger,49,49000000133,49000000133,0x7C3F14075F6477fea1aF6cf59f325afDfcD3Ddf7,0x7C3F14075F6477fea1aF6cf59f325afDfcD3Ddf7,,,,,Asset is not worn by a Banny and is transferred directly.
0x7C3F14075F6477fea1aF6cf59f325afDfcD3Ddf7 receives a Dagger Fist asset.,Ethereum,1,8,AirdropV4BannysEthereum8,525,129,standalone_asset,Fist,12,Dagger,49,49000000134,49000000134,0x7C3F14075F6477fea1aF6cf59f325afDfcD3Ddf7,0x7C3F14075F6477fea1aF6cf59f325afDfcD3Ddf7,,,,,Asset is not worn by a Banny and is transferred directly.
0x7C3F14075F6477fea1aF6cf59f325afDfcD3Ddf7 receives a Dagger Fist asset.,Ethereum,1,8,AirdropV4BannysEthereum8,526,130,standalone_asset,Fist,12,Dagger,49,49000000135,49000000135,0x7C3F14075F6477fea1aF6cf59f325afDfcD3Ddf7,0x7C3F14075F6477fea1aF6cf59f325afDfcD3Ddf7,,,,,Asset is not worn by a Banny and is transferred directly.
0x7C3F14075F6477fea1aF6cf59f325afDfcD3Ddf7 receives a Dagger Fist asset.,Ethereum,1,8,AirdropV4BannysEthereum8,527,131,standalone_asset,Fist,12,Dagger,49,49000000136,49000000136,0x7C3F14075F6477fea1aF6cf59f325afDfcD3Ddf7,0x7C3F14075F6477fea1aF6cf59f325afDfcD3Ddf7,,,,,Asset is not worn by a Banny and is transferred directly.
0x7C3F14075F6477fea1aF6cf59f325afDfcD3Ddf7 receives a Dagger Fist asset.,Ethereum,1,8,AirdropV4BannysEthereum8,528,132,standalone_asset,Fist,12,Dagger,49,49000000137,49000000137,0x7C3F14075F6477fea1aF6cf59f325afDfcD3Ddf7,0x7C3F14075F6477fea1aF6cf59f325afDfcD3Ddf7,,,,,Asset is not worn by a Banny and is transferred directly.
0x7C3F14075F6477fea1aF6cf59f325afDfcD3Ddf7 receives a Dagger Fist asset.,Ethereum,1,8,AirdropV4BannysEthereum8,529,133,standalone_asset,Fist,12,Dagger,49,49000000138,49000000138,0x7C3F14075F6477fea1aF6cf59f325afDfcD3Ddf7,0x7C3F14075F6477fea1aF6cf59f325afDfcD3Ddf7,,,,,Asset is not worn by a Banny and is transferred directly.
0x7C3F14075F6477fea1aF6cf59f325afDfcD3Ddf7 receives a Dagger Fist asset.,Ethereum,1,8,AirdropV4BannysEthereum8,530,134,standalone_asset,Fist,12,Dagger,49,49000000139,49000000139,0x7C3F14075F6477fea1aF6cf59f325afDfcD3Ddf7,0x7C3F14075F6477fea1aF6cf59f325afDfcD3Ddf7,,,,,Asset is not worn by a Banny and is transferred directly.
0x7C3F14075F6477fea1aF6cf59f325afDfcD3Ddf7 receives a Dagger Fist asset.,Ethereum,1,8,AirdropV4BannysEthereum8,531,135,standalone_asset,Fist,12,Dagger,49,49000000140,49000000140,0x7C3F14075F6477fea1aF6cf59f325afDfcD3Ddf7,0x7C3F14075F6477fea1aF6cf59f325afDfcD3Ddf7,,,,,Asset is not worn by a Banny and is transferred directly.
0x7C3F14075F6477fea1aF6cf59f325afDfcD3Ddf7 receives a Dagger Fist asset.,Ethereum,1,8,AirdropV4BannysEthereum8,532,136,standalone_asset,Fist,12,Dagger,49,49000000141,49000000141,0x7C3F14075F6477fea1aF6cf59f325afDfcD3Ddf7,0x7C3F14075F6477fea1aF6cf59f325afDfcD3Ddf7,,,,,Asset is not worn by a Banny and is transferred directly.
0x7C3F14075F6477fea1aF6cf59f325afDfcD3Ddf7 receives a Dagger Fist asset.,Ethereum,1,8,AirdropV4BannysEthereum8,533,137,standalone_asset,Fist,12,Dagger,49,49000000142,49000000142,0x7C3F14075F6477fea1aF6cf59f325afDfcD3Ddf7,0x7C3F14075F6477fea1aF6cf59f325afDfcD3Ddf7,,,,,Asset is not worn by a Banny and is transferred directly.
0x7C3F14075F6477fea1aF6cf59f325afDfcD3Ddf7 receives a Dagger Fist asset.,Ethereum,1,8,AirdropV4BannysEthereum8,534,138,standalone_asset,Fist,12,Dagger,49,49000000143,49000000143,0x7C3F14075F6477fea1aF6cf59f325afDfcD3Ddf7,0x7C3F14075F6477fea1aF6cf59f325afDfcD3Ddf7,,,,,Asset is not worn by a Banny and is transferred directly.
0x7C3F14075F6477fea1aF6cf59f325afDfcD3Ddf7 receives a Dagger Fist asset.,Ethereum,1,8,AirdropV4BannysEthereum8,535,139,standalone_asset,Fist,12,Dagger,49,49000000144,49000000144,0x7C3F14075F6477fea1aF6cf59f325afDfcD3Ddf7,0x7C3F14075F6477fea1aF6cf59f325afDfcD3Ddf7,,,,,Asset is not worn by a Banny and is transferred directly.
0x823b92d6a4b2AED4b15675c7917c9f922ea8ADAD receives a Dagger Fist asset.,Ethereum,1,8,AirdropV4BannysEthereum8,536,140,standalone_asset,Fist,12,Dagger,49,49000000145,49000000145,0x823b92d6a4b2AED4b15675c7917c9f922ea8ADAD,0x823b92d6a4b2AED4b15675c7917c9f922ea8ADAD,,,,,Asset is not worn by a Banny and is transferred directly.
